restaurant_id,name,cuisine,rating,price_range,location,category,reviews_count,features,image_url
1,"Banks, Flynn and Joseph",Mexican,2.7,$$,Chicago,Mexican Dining & Bistro,606,"Vegan Options, Work Friendly, WiFi",https://images.unsplash.com/photo-1565299585323-38d6b0865b47?w=500&q=80
2,"Garza, Melton and Powell",Mexican,4.4,$$,Los Angeles,Mexican Dining & Bistro,252,"WiFi, Outdoor Seating, Halal Certified",https://images.unsplash.com/photo-1565299585323-38d6b0865b47?w=500&q=80
3,Frederick PLC,Japanese,3.5,$,Los Angeles,Japanese Dining & Bistro,1276,"Wine Pairings, Romantic Ambiance",https://images.unsplash.com/photo-1579871494447-9811cf80d66c?w=500&q=80
4,"Sullivan, Gray and Price",Thai,4.4,$,Chicago,Thai Dining & Bistro,1153,"Family Friendly, Open 24h, Local Favorites",https://images.unsplash.com/photo-1559314809-0d155014e29e?w=500&q=80
5,Hurst-Frederick,Japanese,4.8,$$,Los Angeles,Japanese Dining & Bistro,1064,"Wine Pairings, Romantic Ambiance",https://images.unsplash.com/photo-1579871494447-9811cf80d66c?w=500&q=80
6,Marshall-White,Chinese,3.1,$$$$,New York,Chinese Dining & Bistro,721,"Vegan Options, Work Friendly, WiFi",https://images.unsplash.com/photo-1563245372-f21724e3856d?w=500&q=80
7,Johnson PLC,Thai,4.5,$$,New York,Thai Dining & Bistro,569,"Family Friendly, Open 24h, Local Favorites",https://images.unsplash.com/photo-1559314809-0d155014e29e?w=500&q=80
8,"Clark, Clark and Jacobs",Chinese,2.6,$$,Chicago,Chinese Dining & Bistro,506,"Wine Pairings, Romantic Ambiance",https://images.unsplash.com/photo-1563245372-f21724e3856d?w=500&q=80
9,Harris-Marshall,Indian,4.7,$,Los Angeles,Indian Dining & Bistro,1878,"Wine Pairings, Romantic Ambiance",https://images.unsplash.com/photo-1585937421612-70a008356fbe?w=500&q=80
10,"Lozano, Deleon and Hart",French,4.1,$$$$,New York,French Dining & Bistro,280,"Family Friendly, Open 24h, Local Favorites",https://images.unsplash.com/photo-1509440159596-0249088772ff?w=500&q=80
11,"Sutton, Mitchell and Humphrey",Mexican,4.7,$$,New York,Mexican Dining & Bistro,272,"Wine Pairings, Romantic Ambiance",https://images.unsplash.com/photo-1565299585323-38d6b0865b47?w=500&q=80
12,Morrison-Bennett,Mexican,2.5,$$,San Francisco,Mexican Dining & Bistro,533,"Family Friendly, Open 24h, Local Favorites",https://images.unsplash.com/photo-1565299585323-38d6b0865b47?w=500&q=80
13,Jackson PLC,Indian,2.9,$$$,San Francisco,Indian Dining & Bistro,1045,"Wine Pairings, Romantic Ambiance",https://images.unsplash.com/photo-1585937421612-70a008356fbe?w=500&q=80
14,Davis-Cox,Italian,3.5,$,New York,Italian Dining & Bistro,1102,"WiFi, Outdoor Seating, Halal Certified",https://images.unsplash.com/photo-1555396273-367ea4eb4db5?w=500&q=80
15,Walsh-Kane,French,3.4,$$$,Chicago,French Dining & Bistro,258,"Family Friendly, Open 24h, Local Favorites",https://images.unsplash.com/photo-1509440159596-0249088772ff?w=500&q=80
16,Hale and Sons,Thai,3.1,$$$,Houston,Thai Dining & Bistro,964,"WiFi, Outdoor Seating, Halal Certified",https://images.unsplash.com/photo-1559314809-0d155014e29e?w=500&q=80
17,"Barnett, Butler and Smith",Indian,3.5,$$,Houston,Indian Dining & Bistro,1868,"Live Music, Craft Soda, Outdoor Patio",https://images.unsplash.com/photo-1585937421612-70a008356fbe?w=500&q=80
18,"Dixon, Holt and Bradshaw",Thai,2.8,$,New York,Thai Dining & Bistro,1052,"Matcha Specials, Dog Friendly",https://images.unsplash.com/photo-1559314809-0d155014e29e?w=500&q=80
19,Nichols-Roberts,Japanese,3.5,$$$$,New York,Japanese Dining & Bistro,1989,"WiFi, Outdoor Seating, Halal Certified",https://images.unsplash.com/photo-1579871494447-9811cf80d66c?w=500&q=80
20,Scott-Hale,American,4.5,$$,New York,American Dining & Bistro,1289,"Wine Pairings, Romantic Ambiance",https://images.unsplash.com/photo-1550547660-d9450f859349?w=500&q=80
21,Johnson Inc,Mexican,3.7,$$$$,Chicago,Mexican Dining & Bistro,176,"Vegan Options, Work Friendly, WiFi",https://images.unsplash.com/photo-1565299585323-38d6b0865b47?w=500&q=80
22,"Russell, Escobar and Jones",Thai,2.5,$$$$,San Francisco,Thai Dining & Bistro,803,"Live Music, Craft Soda, Outdoor Patio",https://images.unsplash.com/photo-1559314809-0d155014e29e?w=500&q=80
23,Cook-Rivera,Chinese,3.6,$,New York,Chinese Dining & Bistro,1881,"WiFi, Outdoor Seating, Halal Certified",https://images.unsplash.com/photo-1563245372-f21724e3856d?w=500&q=80
24,Kemp-Bridges,Thai,2.6,$$$,New York,Thai Dining & Bistro,1543,"Live Music, Craft Soda, Outdoor Patio",https://images.unsplash.com/photo-1559314809-0d155014e29e?w=500&q=80
25,"Hernandez, Spencer and Howard",American,4.9,$,Los Angeles,American Dining & Bistro,1288,"WiFi, Outdoor Seating, Halal Certified",https://images.unsplash.com/photo-1550547660-d9450f859349?w=500&q=80
26,"Stewart, Guzman and Brock",French,2.8,$$$$,Chicago,French Dining & Bistro,786,"WiFi, Outdoor Seating, Halal Certified",https://images.unsplash.com/photo-1509440159596-0249088772ff?w=500&q=80
27,"Pitts, Wallace and Graham",Mexican,4.3,$$,New York,Mexican Dining & Bistro,1031,"Vegan Options, Work Friendly, WiFi",https://images.unsplash.com/photo-1565299585323-38d6b0865b47?w=500&q=80
28,"Lambert, Kent and Chung",Japanese,4.9,$$$$,Los Angeles,Japanese Dining & Bistro,1528,"Vegan Options, Work Friendly, WiFi",https://images.unsplash.com/photo-1579871494447-9811cf80d66c?w=500&q=80
29,Foster-Le,Indian,4.6,$$,Houston,Indian Dining & Bistro,568,"WiFi, Outdoor Seating, Halal Certified",https://images.unsplash.com/photo-1585937421612-70a008356fbe?w=500&q=80
30,Ward Ltd,Japanese,4.2,$$,New York,Japanese Dining & Bistro,529,"Matcha Specials, Dog Friendly",https://images.unsplash.com/photo-1579871494447-9811cf80d66c?w=500&q=80
31,"Smith, White and Myers",American,4.6,$,New York,American Dining & Bistro,1706,"Vegan Options, Work Friendly, WiFi",https://images.unsplash.com/photo-1550547660-d9450f859349?w=500&q=80
32,"Nelson, Perry and Murphy",Mexican,5.0,$$$$,Los Angeles,Mexican Dining & Bistro,546,"Vegan Options, Work Friendly, WiFi",https://images.unsplash.com/photo-1565299585323-38d6b0865b47?w=500&q=80
33,Cruz-Clark,Thai,4.1,$$$,Chicago,Thai Dining & Bistro,1620,"Vegan Options, Work Friendly, WiFi",https://images.unsplash.com/photo-1559314809-0d155014e29e?w=500&q=80
34,Freeman and Sons,French,3.9,$$$$,New York,French Dining & Bistro,1558,"Family Friendly, Open 24h, Local Favorites",https://images.unsplash.com/photo-1509440159596-0249088772ff?w=500&q=80
35,"Camacho, Brown and Garcia",Italian,4.1,$$$$,Houston,Italian Dining & Bistro,1233,"Live Music, Craft Soda, Outdoor Patio",https://images.unsplash.com/photo-1555396273-367ea4eb4db5?w=500&q=80
36,"Klein, Campos and Howard",French,3.8,$$$,New York,French Dining & Bistro,327,"WiFi, Outdoor Seating, Halal Certified",https://images.unsplash.com/photo-1509440159596-0249088772ff?w=500&q=80
37,"Cunningham, Marsh and Carey",Italian,4.1,$,Houston,Italian Dining & Bistro,2031,"Matcha Specials, Dog Friendly",https://images.unsplash.com/photo-1555396273-367ea4eb4db5?w=500&q=80
38,"Roberts, Greene and Palmer",Chinese,3.6,$$$$,San Francisco,Chinese Dining & Bistro,661,"Vegan Options, Work Friendly, WiFi",https://images.unsplash.com/photo-1563245372-f21724e3856d?w=500&q=80
39,Davis PLC,French,3.0,$$$$,San Francisco,French Dining & Bistro,1700,"Family Friendly, Open 24h, Local Favorites",https://images.unsplash.com/photo-1509440159596-0249088772ff?w=500&q=80
40,Horton Group,Mexican,2.8,$$,Houston,Mexican Dining & Bistro,472,"Live Music, Craft Soda, Outdoor Patio",https://images.unsplash.com/photo-1565299585323-38d6b0865b47?w=500&q=80
41,Martinez-Young,Italian,2.7,$$$$,Chicago,Italian Dining & Bistro,1350,"Wine Pairings, Romantic Ambiance",https://images.unsplash.com/photo-1555396273-367ea4eb4db5?w=500&q=80
42,Harrison Inc,Indian,3.2,$$$,New York,Indian Dining & Bistro,1631,"Wine Pairings, Romantic Ambiance",https://images.unsplash.com/photo-1585937421612-70a008356fbe?w=500&q=80
43,Riley-Singh,Mexican,2.6,$$,New York,Mexican Dining & Bistro,937,"Vegan Options, Work Friendly, WiFi",https://images.unsplash.com/photo-1565299585323-38d6b0865b47?w=500&q=80
44,Crawford Inc,Indian,3.9,$,San Francisco,Indian Dining & Bistro,434,"Matcha Specials, Dog Friendly",https://images.unsplash.com/photo-1585937421612-70a008356fbe?w=500&q=80
45,Tucker-Koch,French,3.2,$$,Houston,French Dining & Bistro,337,"Matcha Specials, Dog Friendly",https://images.unsplash.com/photo-1509440159596-0249088772ff?w=500&q=80
46,"Vang, Curry and Dalton",Indian,4.6,$$$,New York,Indian Dining & Bistro,1083,"Live Music, Craft Soda, Outdoor Patio",https://images.unsplash.com/photo-1585937421612-70a008356fbe?w=500&q=80
47,"Lin, Cherry and Patel",Italian,2.7,$$$,New York,Italian Dining & Bistro,1335,"Live Music, Craft Soda, Outdoor Patio",https://images.unsplash.com/photo-1555396273-367ea4eb4db5?w=500&q=80
48,Stevenson Group,Mexican,3.1,$$,Chicago,Mexican Dining & Bistro,476,"WiFi, Outdoor Seating, Halal Certified",https://images.unsplash.com/photo-1565299585323-38d6b0865b47?w=500&q=80
49,Robinson LLC,Thai,4.3,$,Los Angeles,Thai Dining & Bistro,1103,"Vegan Options, Work Friendly, WiFi",https://images.unsplash.com/photo-1559314809-0d155014e29e?w=500&q=80
50,"Wilcox, Martinez and Carter",American,4.0,$$,San Francisco,American Dining & Bistro,563,"Wine Pairings, Romantic Ambiance",https://images.unsplash.com/photo-1550547660-d9450f859349?w=500&q=80
51,Grant-Murray,Italian,2.7,$,San Francisco,Italian Dining & Bistro,1706,"WiFi, Outdoor Seating, Halal Certified",https://images.unsplash.com/photo-1555396273-367ea4eb4db5?w=500&q=80
52,Roberts-Johnson,Italian,4.7,$$,Los Angeles,Italian Dining & Bistro,1288,"Matcha Specials, Dog Friendly",https://images.unsplash.com/photo-1555396273-367ea4eb4db5?w=500&q=80
53,"Rodriguez, Mccoy and Key",Thai,4.7,$$$,New York,Thai Dining & Bistro,2007,"WiFi, Outdoor Seating, Halal Certified",https://images.unsplash.com/photo-1559314809-0d155014e29e?w=500&q=80
54,Davis-Rose,Mexican,3.3,$$$$,Chicago,Mexican Dining & Bistro,1644,"Wine Pairings, Romantic Ambiance",https://images.unsplash.com/photo-1565299585323-38d6b0865b47?w=500&q=80
55,Lucas Inc,Mexican,3.4,$$$$,Chicago,Mexican Dining & Bistro,816,"Matcha Specials, Dog Friendly",https://images.unsplash.com/photo-1565299585323-38d6b0865b47?w=500&q=80
56,Hoover-Wagner,Japanese,5.0,$,San Francisco,Japanese Dining & Bistro,1666,"Live Music, Craft Soda, Outdoor Patio",https://images.unsplash.com/photo-1579871494447-9811cf80d66c?w=500&q=80
57,Blair-Simpson,French,4.1,$,Chicago,French Dining & Bistro,1605,"Family Friendly, Open 24h, Local Favorites",https://images.unsplash.com/photo-1509440159596-0249088772ff?w=500&q=80
58,Nguyen Inc,Indian,3.8,$,Los Angeles,Indian Dining & Bistro,1008,"Family Friendly, Open 24h, Local Favorites",https://images.unsplash.com/photo-1585937421612-70a008356fbe?w=500&q=80
59,Avila Inc,French,4.6,$$$,New York,French Dining & Bistro,1243,"Live Music, Craft Soda, Outdoor Patio",https://images.unsplash.com/photo-1509440159596-0249088772ff?w=500&q=80
60,Romero Inc,Thai,3.2,$$,Los Angeles,Thai Dining & Bistro,442,"Vegan Options, Work Friendly, WiFi",https://images.unsplash.com/photo-1559314809-0d155014e29e?w=500&q=80
61,Campbell-Cortez,French,3.6,$$$,Houston,French Dining & Bistro,850,"WiFi, Outdoor Seating, Halal Certified",https://images.unsplash.com/photo-1509440159596-0249088772ff?w=500&q=80
62,"Hernandez, Patterson and Hamilton",Thai,3.2,$$$$,San Francisco,Thai Dining & Bistro,1152,"Matcha Specials, Dog Friendly",https://images.unsplash.com/photo-1559314809-0d155014e29e?w=500&q=80
63,"Mejia, Webb and Collins",Mexican,4.5,$,Chicago,Mexican Dining & Bistro,819,"Live Music, Craft Soda, Outdoor Patio",https://images.unsplash.com/photo-1565299585323-38d6b0865b47?w=500&q=80
64,"Blankenship, Lee and Cooper",Indian,3.9,$$,Houston,Indian Dining & Bistro,2043,"Live Music, Craft Soda, Outdoor Patio",https://images.unsplash.com/photo-1585937421612-70a008356fbe?w=500&q=80
65,Miller-Jarvis,French,4.1,$$$$,Chicago,French Dining & Bistro,1704,"Vegan Options, Work Friendly, WiFi",https://images.unsplash.com/photo-1509440159596-0249088772ff?w=500&q=80
66,Zimmerman-Haynes,Italian,3.1,$$$$,New York,Italian Dining & Bistro,1255,"WiFi, Outdoor Seating, Halal Certified",https://images.unsplash.com/photo-1555396273-367ea4eb4db5?w=500&q=80
67,"Reed, Hull and Gonzales",Chinese,3.1,$$$$,New York,Chinese Dining & Bistro,1049,"Live Music, Craft Soda, Outdoor Patio",https://images.unsplash.com/photo-1563245372-f21724e3856d?w=500&q=80
68,Anthony-Alvarado,Japanese,3.7,$$$,New York,Japanese Dining & Bistro,1478,"Wine Pairings, Romantic Ambiance",https://images.unsplash.com/photo-1579871494447-9811cf80d66c?w=500&q=80
69,Reyes-Williams,American,4.3,$,Chicago,American Dining & Bistro,379,"Live Music, Craft Soda, Outdoor Patio",https://images.unsplash.com/photo-1550547660-d9450f859349?w=500&q=80
70,"Anderson, Hawkins and Conley",Italian,3.8,$$$$,Houston,Italian Dining & Bistro,1088,"Matcha Specials, Dog Friendly",https://images.unsplash.com/photo-1555396273-367ea4eb4db5?w=500&q=80
71,"Burnett, Clark and Gutierrez",Mexican,2.6,$,New York,Mexican Dining & Bistro,281,"WiFi, Outdoor Seating, Halal Certified",https://images.unsplash.com/photo-1565299585323-38d6b0865b47?w=500&q=80
72,"Newman, Gallagher and Kennedy",American,4.7,$$$,Houston,American Dining & Bistro,1442,"Matcha Specials, Dog Friendly",https://images.unsplash.com/photo-1550547660-d9450f859349?w=500&q=80
73,Lopez and Sons,Chinese,2.7,$$$$,Chicago,Chinese Dining & Bistro,1793,"WiFi, Outdoor Seating, Halal Certified",https://images.unsplash.com/photo-1563245372-f21724e3856d?w=500&q=80
74,Wright Group,Chinese,4.9,$$$,Houston,Chinese Dining & Bistro,1246,"Wine Pairings, Romantic Ambiance",https://images.unsplash.com/photo-1563245372-f21724e3856d?w=500&q=80
75,Bates-Lopez,Indian,2.6,$$$,Chicago,Indian Dining & Bistro,421,"Matcha Specials, Dog Friendly",https://images.unsplash.com/photo-1585937421612-70a008356fbe?w=500&q=80
76,"Bowers, Robbins and Harrell",American,4.2,$,Chicago,American Dining & Bistro,1014,"Family Friendly, Open 24h, Local Favorites",https://images.unsplash.com/photo-1550547660-d9450f859349?w=500&q=80
77,"Russell, Kelly and Duncan",Indian,2.7,$$$$,San Francisco,Indian Dining & Bistro,1438,"Live Music, Craft Soda, Outdoor Patio",https://images.unsplash.com/photo-1585937421612-70a008356fbe?w=500&q=80
78,"Blackburn, Elliott and Ward",Italian,4.8,$$$,Chicago,Italian Dining & Bistro,1020,"Wine Pairings, Romantic Ambiance",https://images.unsplash.com/photo-1555396273-367ea4eb4db5?w=500&q=80
79,"Martinez, Abbott and Stewart",Thai,3.7,$$$$,Chicago,Thai Dining & Bistro,2194,"WiFi, Outdoor Seating, Halal Certified",https://images.unsplash.com/photo-1559314809-0d155014e29e?w=500&q=80
80,Santos and Sons,Thai,2.8,$,Los Angeles,Thai Dining & Bistro,1770,"Matcha Specials, Dog Friendly",https://images.unsplash.com/photo-1559314809-0d155014e29e?w=500&q=80
81,Baker Inc,Thai,3.4,$$$,New York,Thai Dining & Bistro,2029,"Live Music, Craft Soda, Outdoor Patio",https://images.unsplash.com/photo-1559314809-0d155014e29e?w=500&q=80
82,Dalton and Sons,American,2.9,$,San Francisco,American Dining & Bistro,735,"Wine Pairings, Romantic Ambiance",https://images.unsplash.com/photo-1550547660-d9450f859349?w=500&q=80
83,Sutton-Garcia,Thai,2.9,$$$$,San Francisco,Thai Dining & Bistro,1234,"WiFi, Outdoor Seating, Halal Certified",https://images.unsplash.com/photo-1559314809-0d155014e29e?w=500&q=80
84,"Thomas, Marsh and Shields",Italian,4.9,$$$$,San Francisco,Italian Dining & Bistro,721,"Family Friendly, Open 24h, Local Favorites",https://images.unsplash.com/photo-1555396273-367ea4eb4db5?w=500&q=80
85,Smith-Cole,Indian,3.6,$,Los Angeles,Indian Dining & Bistro,1160,"Family Friendly, Open 24h, Local Favorites",https://images.unsplash.com/photo-1585937421612-70a008356fbe?w=500&q=80
86,"Daniels, Bright and Chung",American,4.5,$$,Chicago,American Dining & Bistro,1226,"WiFi, Outdoor Seating, Halal Certified",https://images.unsplash.com/photo-1550547660-d9450f859349?w=500&q=80
87,Garcia Ltd,Indian,4.1,$$$,New York,Indian Dining & Bistro,1904,"Family Friendly, Open 24h, Local Favorites",https://images.unsplash.com/photo-1585937421612-70a008356fbe?w=500&q=80
88,Palmer LLC,American,4.2,$$$$,Houston,American Dining & Bistro,1785,"Wine Pairings, Romantic Ambiance",https://images.unsplash.com/photo-1550547660-d9450f859349?w=500&q=80
89,"Martin, Shields and Torres",Indian,2.8,$$$$,Chicago,Indian Dining & Bistro,1632,"Live Music, Craft Soda, Outdoor Patio",https://images.unsplash.com/photo-1585937421612-70a008356fbe?w=500&q=80
90,Allen Inc,Chinese,3.1,$$$,Los Angeles,Chinese Dining & Bistro,1048,"Family Friendly, Open 24h, Local Favorites",https://images.unsplash.com/photo-1563245372-f21724e3856d?w=500&q=80
91,Armstrong-Martin,Indian,4.5,$,Chicago,Indian Dining & Bistro,716,"Live Music, Craft Soda, Outdoor Patio",https://images.unsplash.com/photo-1585937421612-70a008356fbe?w=500&q=80
92,Sanchez Inc,Thai,4.9,$,Chicago,Thai Dining & Bistro,2171,"Vegan Options, Work Friendly, WiFi",https://images.unsplash.com/photo-1559314809-0d155014e29e?w=500&q=80
93,"Tucker, Bailey and Perry",Chinese,3.2,$,Los Angeles,Chinese Dining & Bistro,522,"Family Friendly, Open 24h, Local Favorites",https://images.unsplash.com/photo-1563245372-f21724e3856d?w=500&q=80
94,Hayes PLC,Indian,3.2,$$,San Francisco,Indian Dining & Bistro,342,"Vegan Options, Work Friendly, WiFi",https://images.unsplash.com/photo-1585937421612-70a008356fbe?w=500&q=80
95,Sampson-Li,American,3.7,$$,San Francisco,American Dining & Bistro,599,"Live Music, Craft Soda, Outdoor Patio",https://images.unsplash.com/photo-1550547660-d9450f859349?w=500&q=80
96,Herrera LLC,American,5.0,$$$$,New York,American Dining & Bistro,776,"Matcha Specials, Dog Friendly",https://images.unsplash.com/photo-1550547660-d9450f859349?w=500&q=80
97,"Lindsey, Hamilton and White",Japanese,3.2,$,New York,Japanese Dining & Bistro,805,"Live Music, Craft Soda, Outdoor Patio",https://images.unsplash.com/photo-1579871494447-9811cf80d66c?w=500&q=80
98,"Smith, Sanchez and Moran",American,3.5,$$$,San Francisco,American Dining & Bistro,1879,"Wine Pairings, Romantic Ambiance",https://images.unsplash.com/photo-1550547660-d9450f859349?w=500&q=80
99,Huff-Kirk,Mexican,4.7,$$$$,Houston,Mexican Dining & Bistro,410,"Matcha Specials, Dog Friendly",https://images.unsplash.com/photo-1565299585323-38d6b0865b47?w=500&q=80
100,Bishop-Waller,Italian,2.5,$$$,Chicago,Italian Dining & Bistro,1726,"Matcha Specials, Dog Friendly",https://images.unsplash.com/photo-1555396273-367ea4eb4db5?w=500&q=80
101,Gutierrez and Sons,American,2.6,$$$$,Houston,American Dining & Bistro,1713,"Family Friendly, Open 24h, Local Favorites",https://images.unsplash.com/photo-1550547660-d9450f859349?w=500&q=80
102,"Figueroa, Sanford and Dennis",Chinese,4.0,$$,Chicago,Chinese Dining & Bistro,2067,"Family Friendly, Open 24h, Local Favorites",https://images.unsplash.com/photo-1563245372-f21724e3856d?w=500&q=80
103,Scott-Reid,Japanese,4.8,$$$$,San Francisco,Japanese Dining & Bistro,1179,"Family Friendly, Open 24h, Local Favorites",https://images.unsplash.com/photo-1579871494447-9811cf80d66c?w=500&q=80
104,Morton-Schneider,American,3.1,$$,New York,American Dining & Bistro,197,"Live Music, Craft Soda, Outdoor Patio",https://images.unsplash.com/photo-1550547660-d9450f859349?w=500&q=80
105,Taylor-Cooke,Mexican,3.7,$$$$,New York,Mexican Dining & Bistro,619,"Matcha Specials, Dog Friendly",https://images.unsplash.com/photo-1565299585323-38d6b0865b47?w=500&q=80
106,"Smith, Stein and Wallace",Thai,3.6,$,Houston,Thai Dining & Bistro,1242,"Wine Pairings, Romantic Ambiance",https://images.unsplash.com/photo-1559314809-0d155014e29e?w=500&q=80
107,"Newman, Ferguson and Ford",Chinese,3.7,$$$,New York,Chinese Dining & Bistro,1543,"Wine Pairings, Romantic Ambiance",https://images.unsplash.com/photo-1563245372-f21724e3856d?w=500&q=80
108,Mcgee-Cox,Mexican,4.1,$,San Francisco,Mexican Dining & Bistro,606,"Vegan Options, Work Friendly, WiFi",https://images.unsplash.com/photo-1565299585323-38d6b0865b47?w=500&q=80
109,Cuevas Ltd,Thai,3.7,$$$$,Houston,Thai Dining & Bistro,1352,"WiFi, Outdoor Seating, Halal Certified",https://images.unsplash.com/photo-1559314809-0d155014e29e?w=500&q=80
110,Smith Group,French,3.6,$$$$,Chicago,French Dining & Bistro,1930,"Wine Pairings, Romantic Ambiance",https://images.unsplash.com/photo-1509440159596-0249088772ff?w=500&q=80
111,Kelly LLC,French,3.7,$$$$,New York,French Dining & Bistro,797,"Family Friendly, Open 24h, Local Favorites",https://images.unsplash.com/photo-1509440159596-0249088772ff?w=500&q=80
112,Elliott-Black,Chinese,4.0,$$,Los Angeles,Chinese Dining & Bistro,2008,"Vegan Options, Work Friendly, WiFi",https://images.unsplash.com/photo-1563245372-f21724e3856d?w=500&q=80
113,Gilbert-Martin,Indian,3.8,$$$,New York,Indian Dining & Bistro,163,"Family Friendly, Open 24h, Local Favorites",https://images.unsplash.com/photo-1585937421612-70a008356fbe?w=500&q=80
114,Morgan-Clark,Italian,4.6,$$$,Chicago,Italian Dining & Bistro,1228,"Matcha Specials, Dog Friendly",https://images.unsplash.com/photo-1555396273-367ea4eb4db5?w=500&q=80
115,"Maynard, Huff and Jackson",Japanese,2.6,$$$$,Houston,Japanese Dining & Bistro,2200,"Matcha Specials, Dog Friendly",https://images.unsplash.com/photo-1579871494447-9811cf80d66c?w=500&q=80
116,"Lloyd, Ewing and Gregory",Italian,4.6,$$$$,Chicago,Italian Dining & Bistro,881,"Live Music, Craft Soda, Outdoor Patio",https://images.unsplash.com/photo-1555396273-367ea4eb4db5?w=500&q=80
117,Poole and Sons,Mexican,4.6,$$,Los Angeles,Mexican Dining & Bistro,585,"Family Friendly, Open 24h, Local Favorites",https://images.unsplash.com/photo-1565299585323-38d6b0865b47?w=500&q=80
118,Erickson-Gray,Thai,3.2,$,San Francisco,Thai Dining & Bistro,1372,"Wine Pairings, Romantic Ambiance",https://images.unsplash.com/photo-1559314809-0d155014e29e?w=500&q=80
119,"Schaefer, Clark and Perkins",Italian,3.7,$,New York,Italian Dining & Bistro,964,"WiFi, Outdoor Seating, Halal Certified",https://images.unsplash.com/photo-1555396273-367ea4eb4db5?w=500&q=80
120,Clark-Lewis,Thai,3.6,$$$,Houston,Thai Dining & Bistro,776,"Family Friendly, Open 24h, Local Favorites",https://images.unsplash.com/photo-1559314809-0d155014e29e?w=500&q=80
121,"Brown, Johnson and Zimmerman",Thai,3.0,$$,San Francisco,Thai Dining & Bistro,1681,"Wine Pairings, Romantic Ambiance",https://images.unsplash.com/photo-1559314809-0d155014e29e?w=500&q=80
122,Garner and Sons,Mexican,3.5,$$$$,Chicago,Mexican Dining & Bistro,811,"Vegan Options, Work Friendly, WiFi",https://images.unsplash.com/photo-1565299585323-38d6b0865b47?w=500&q=80
123,Baker Group,Mexican,2.6,$$$,Houston,Mexican Dining & Bistro,152,"Family Friendly, Open 24h, Local Favorites",https://images.unsplash.com/photo-1565299585323-38d6b0865b47?w=500&q=80
124,"Chavez, Aguilar and Howard",Mexican,3.2,$$,San Francisco,Mexican Dining & Bistro,1477,"Vegan Options, Work Friendly, WiFi",https://images.unsplash.com/photo-1565299585323-38d6b0865b47?w=500&q=80
125,"Pearson, Martin and Torres",Italian,4.5,$,Houston,Italian Dining & Bistro,2151,"Wine Pairings, Romantic Ambiance",https://images.unsplash.com/photo-1555396273-367ea4eb4db5?w=500&q=80
126,Hartman PLC,French,3.2,$$,Los Angeles,French Dining & Bistro,229,"Wine Pairings, Romantic Ambiance",https://images.unsplash.com/photo-1509440159596-0249088772ff?w=500&q=80
127,Watson and Sons,Mexican,4.5,$,Los Angeles,Mexican Dining & Bistro,608,"Wine Pairings, Romantic Ambiance",https://images.unsplash.com/photo-1565299585323-38d6b0865b47?w=500&q=80
128,Briggs-Olsen,Japanese,3.8,$$,New York,Japanese Dining & Bistro,1636,"Wine Pairings, Romantic Ambiance",https://images.unsplash.com/photo-1579871494447-9811cf80d66c?w=500&q=80
129,"Garcia, Johnson and Whitney",Italian,4.7,$$$,New York,Italian Dining & Bistro,1409,"Matcha Specials, Dog Friendly",https://images.unsplash.com/photo-1555396273-367ea4eb4db5?w=500&q=80
130,"Cox, Johnson and Wood",Mexican,3.9,$,Los Angeles,Mexican Dining & Bistro,1130,"Live Music, Craft Soda, Outdoor Patio",https://images.unsplash.com/photo-1565299585323-38d6b0865b47?w=500&q=80
131,Velez-Lambert,American,2.6,$$$,Houston,American Dining & Bistro,387,"Wine Pairings, Romantic Ambiance",https://images.unsplash.com/photo-1550547660-d9450f859349?w=500&q=80
132,"Fisher, Estes and Bowman",Thai,4.2,$$$,Los Angeles,Thai Dining & Bistro,1136,"Matcha Specials, Dog Friendly",https://images.unsplash.com/photo-1559314809-0d155014e29e?w=500&q=80
133,"Parker, Cox and Sims",Japanese,2.6,$,New York,Japanese Dining & Bistro,472,"WiFi, Outdoor Seating, Halal Certified",https://images.unsplash.com/photo-1579871494447-9811cf80d66c?w=500&q=80
134,Mccarthy-Banks,Mexican,3.6,$,Los Angeles,Mexican Dining & Bistro,500,"Matcha Specials, Dog Friendly",https://images.unsplash.com/photo-1565299585323-38d6b0865b47?w=500&q=80
135,Foster-Henderson,Chinese,4.8,$$$$,Los Angeles,Chinese Dining & Bistro,2140,"Vegan Options, Work Friendly, WiFi",https://images.unsplash.com/photo-1563245372-f21724e3856d?w=500&q=80
136,Lee-Kelley,Thai,2.9,$$$$,Houston,Thai Dining & Bistro,433,"WiFi, Outdoor Seating, Halal Certified",https://images.unsplash.com/photo-1559314809-0d155014e29e?w=500&q=80
137,Duffy LLC,Thai,3.5,$$$$,San Francisco,Thai Dining & Bistro,665,"Vegan Options, Work Friendly, WiFi",https://images.unsplash.com/photo-1559314809-0d155014e29e?w=500&q=80
138,"Patel, Floyd and Hunter",Mexican,4.3,$$$,New York,Mexican Dining & Bistro,675,"Live Music, Craft Soda, Outdoor Patio",https://images.unsplash.com/photo-1565299585323-38d6b0865b47?w=500&q=80
139,"Johnson, Mccall and Jackson",French,4.7,$$$,Houston,French Dining & Bistro,2096,"Family Friendly, Open 24h, Local Favorites",https://images.unsplash.com/photo-1509440159596-0249088772ff?w=500&q=80
140,Sanchez Ltd,Indian,4.2,$$$$,Los Angeles,Indian Dining & Bistro,826,"Family Friendly, Open 24h, Local Favorites",https://images.unsplash.com/photo-1585937421612-70a008356fbe?w=500&q=80
141,Mccann Ltd,French,3.1,$$$,Los Angeles,French Dining & Bistro,1235,"Matcha Specials, Dog Friendly",https://images.unsplash.com/photo-1509440159596-0249088772ff?w=500&q=80
142,White LLC,Mexican,4.2,$$$,San Francisco,Mexican Dining & Bistro,1883,"Vegan Options, Work Friendly, WiFi",https://images.unsplash.com/photo-1565299585323-38d6b0865b47?w=500&q=80
143,Burke-James,Thai,3.2,$,New York,Thai Dining & Bistro,1017,"Live Music, Craft Soda, Outdoor Patio",https://images.unsplash.com/photo-1559314809-0d155014e29e?w=500&q=80
144,Reeves Inc,Japanese,4.3,$,New York,Japanese Dining & Bistro,973,"Family Friendly, Open 24h, Local Favorites",https://images.unsplash.com/photo-1579871494447-9811cf80d66c?w=500&q=80
145,"Mendoza, Stephens and Mitchell",Chinese,4.9,$$$,Chicago,Chinese Dining & Bistro,1426,"Live Music, Craft Soda, Outdoor Patio",https://images.unsplash.com/photo-1563245372-f21724e3856d?w=500&q=80
146,Henderson Group,Japanese,4.3,$$$$,New York,Japanese Dining & Bistro,1784,"Live Music, Craft Soda, Outdoor Patio",https://images.unsplash.com/photo-1579871494447-9811cf80d66c?w=500&q=80
147,Thomas and Sons,Japanese,4.7,$$,San Francisco,Japanese Dining & Bistro,1679,"Family Friendly, Open 24h, Local Favorites",https://images.unsplash.com/photo-1579871494447-9811cf80d66c?w=500&q=80
148,Wilson-Carlson,Thai,2.5,$$$$,Chicago,Thai Dining & Bistro,1944,"Family Friendly, Open 24h, Local Favorites",https://images.unsplash.com/photo-1559314809-0d155014e29e?w=500&q=80
149,Stewart-Smith,French,4.3,$$,Chicago,French Dining & Bistro,1999,"WiFi, Outdoor Seating, Halal Certified",https://images.unsplash.com/photo-1509440159596-0249088772ff?w=500&q=80
150,Walsh Ltd,Chinese,4.6,$$$$,Los Angeles,Chinese Dining & Bistro,645,"WiFi, Outdoor Seating, Halal Certified",https://images.unsplash.com/photo-1563245372-f21724e3856d?w=500&q=80
151,James-Ramsey,Italian,2.6,$,Los Angeles,Italian Dining & Bistro,1165,"Wine Pairings, Romantic Ambiance",https://images.unsplash.com/photo-1555396273-367ea4eb4db5?w=500&q=80
152,Bray LLC,American,4.7,$$$,New York,American Dining & Bistro,1070,"Vegan Options, Work Friendly, WiFi",https://images.unsplash.com/photo-1550547660-d9450f859349?w=500&q=80
153,Berger and Sons,Thai,3.1,$$$,Chicago,Thai Dining & Bistro,412,"Family Friendly, Open 24h, Local Favorites",https://images.unsplash.com/photo-1559314809-0d155014e29e?w=500&q=80
154,"Bolton, Mills and Bennett",Mexican,4.2,$,Los Angeles,Mexican Dining & Bistro,1534,"Live Music, Craft Soda, Outdoor Patio",https://images.unsplash.com/photo-1565299585323-38d6b0865b47?w=500&q=80
155,"White, Williams and Perry",Italian,4.5,$$,San Francisco,Italian Dining & Bistro,236,"Vegan Options, Work Friendly, WiFi",https://images.unsplash.com/photo-1555396273-367ea4eb4db5?w=500&q=80
156,Andrews and Sons,American,4.2,$$,Los Angeles,American Dining & Bistro,1092,"Wine Pairings, Romantic Ambiance",https://images.unsplash.com/photo-1550547660-d9450f859349?w=500&q=80
157,Oneal-Soto,Mexican,2.7,$$,Los Angeles,Mexican Dining & Bistro,1052,"Live Music, Craft Soda, Outdoor Patio",https://images.unsplash.com/photo-1565299585323-38d6b0865b47?w=500&q=80
158,Ewing-Mccann,Japanese,4.0,$,Chicago,Japanese Dining & Bistro,179,"Matcha Specials, Dog Friendly",https://images.unsplash.com/photo-1579871494447-9811cf80d66c?w=500&q=80
159,"Miller, Young and Harris",Indian,3.9,$$,Chicago,Indian Dining & Bistro,440,"Wine Pairings, Romantic Ambiance",https://images.unsplash.com/photo-1585937421612-70a008356fbe?w=500&q=80
160,Norman Inc,Mexican,4.8,$,Houston,Mexican Dining & Bistro,391,"Family Friendly, Open 24h, Local Favorites",https://images.unsplash.com/photo-1565299585323-38d6b0865b47?w=500&q=80
161,Sullivan-Bradley,Chinese,3.5,$$$$,San Francisco,Chinese Dining & Bistro,1087,"Matcha Specials, Dog Friendly",https://images.unsplash.com/photo-1563245372-f21724e3856d?w=500&q=80
162,"Montgomery, White and Carter",Chinese,3.3,$$$$,Chicago,Chinese Dining & Bistro,426,"Matcha Specials, Dog Friendly",https://images.unsplash.com/photo-1563245372-f21724e3856d?w=500&q=80
163,Warner-Villanueva,Indian,4.4,$,New York,Indian Dining & Bistro,278,"Wine Pairings, Romantic Ambiance",https://images.unsplash.com/photo-1585937421612-70a008356fbe?w=500&q=80
164,Gonzales Inc,Italian,3.5,$$$,San Francisco,Italian Dining & Bistro,1503,"Family Friendly, Open 24h, Local Favorites",https://images.unsplash.com/photo-1555396273-367ea4eb4db5?w=500&q=80
165,Cooper Group,American,4.1,$$$$,San Francisco,American Dining & Bistro,440,"Live Music, Craft Soda, Outdoor Patio",https://images.unsplash.com/photo-1550547660-d9450f859349?w=500&q=80
166,Johnson Inc,Mexican,4.1,$$,Chicago,Mexican Dining & Bistro,1124,"Matcha Specials, Dog Friendly",https://images.unsplash.com/photo-1565299585323-38d6b0865b47?w=500&q=80
167,"Calhoun, Meyer and Walters",Chinese,4.7,$,San Francisco,Chinese Dining & Bistro,1290,"Wine Pairings, Romantic Ambiance",https://images.unsplash.com/photo-1563245372-f21724e3856d?w=500&q=80
168,Bennett-Taylor,Italian,4.0,$$,Chicago,Italian Dining & Bistro,2138,"Wine Pairings, Romantic Ambiance",https://images.unsplash.com/photo-1555396273-367ea4eb4db5?w=500&q=80
169,Kent LLC,Indian,3.8,$$,Los Angeles,Indian Dining & Bistro,1027,"Live Music, Craft Soda, Outdoor Patio",https://images.unsplash.com/photo-1585937421612-70a008356fbe?w=500&q=80
170,"Stark, Ingram and Burns",French,2.8,$$$,Houston,French Dining & Bistro,691,"Family Friendly, Open 24h, Local Favorites",https://images.unsplash.com/photo-1509440159596-0249088772ff?w=500&q=80
171,"Scott, Johnson and Greene",Thai,2.8,$$,Los Angeles,Thai Dining & Bistro,2086,"Wine Pairings, Romantic Ambiance",https://images.unsplash.com/photo-1559314809-0d155014e29e?w=500&q=80
172,Perkins-Reyes,French,2.9,$$$,Chicago,French Dining & Bistro,1145,"Wine Pairings, Romantic Ambiance",https://images.unsplash.com/photo-1509440159596-0249088772ff?w=500&q=80
173,"Long, Myers and Choi",French,2.9,$$$$,Chicago,French Dining & Bistro,2087,"Wine Pairings, Romantic Ambiance",https://images.unsplash.com/photo-1509440159596-0249088772ff?w=500&q=80
174,"Hunt, Johnson and Gutierrez",Chinese,4.1,$,Los Angeles,Chinese Dining & Bistro,1817,"Vegan Options, Work Friendly, WiFi",https://images.unsplash.com/photo-1563245372-f21724e3856d?w=500&q=80
175,Hood Group,Japanese,4.4,$$,New York,Japanese Dining & Bistro,929,"WiFi, Outdoor Seating, Halal Certified",https://images.unsplash.com/photo-1579871494447-9811cf80d66c?w=500&q=80
176,Thomas and Sons,Japanese,3.8,$,New York,Japanese Dining & Bistro,536,"Live Music, Craft Soda, Outdoor Patio",https://images.unsplash.com/photo-1579871494447-9811cf80d66c?w=500&q=80
177,"Ayala, Hernandez and Maldonado",Indian,4.6,$$,New York,Indian Dining & Bistro,547,"Vegan Options, Work Friendly, WiFi",https://images.unsplash.com/photo-1585937421612-70a008356fbe?w=500&q=80
178,Cummings Group,Mexican,5.0,$,Chicago,Mexican Dining & Bistro,1915,"Wine Pairings, Romantic Ambiance",https://images.unsplash.com/photo-1565299585323-38d6b0865b47?w=500&q=80
179,Diaz-Wu,Japanese,4.6,$$,San Francisco,Japanese Dining & Bistro,1601,"WiFi, Outdoor Seating, Halal Certified",https://images.unsplash.com/photo-1579871494447-9811cf80d66c?w=500&q=80
180,Turner PLC,French,4.2,$$,Chicago,French Dining & Bistro,1884,"Live Music, Craft Soda, Outdoor Patio",https://images.unsplash.com/photo-1509440159596-0249088772ff?w=500&q=80
181,Hunt-Richardson,Japanese,3.8,$$,San Francisco,Japanese Dining & Bistro,1833,"Matcha Specials, Dog Friendly",https://images.unsplash.com/photo-1579871494447-9811cf80d66c?w=500&q=80
182,"Medina, Wilson and Robinson",French,3.6,$$,Los Angeles,French Dining & Bistro,2062,"Live Music, Craft Soda, Outdoor Patio",https://images.unsplash.com/photo-1509440159596-0249088772ff?w=500&q=80
183,"Johnson, Raymond and Conway",American,2.7,$$,Houston,American Dining & Bistro,371,"Vegan Options, Work Friendly, WiFi",https://images.unsplash.com/photo-1550547660-d9450f859349?w=500&q=80
184,"Jones, Jones and Gardner",Chinese,3.5,$$,San Francisco,Chinese Dining & Bistro,553,"Vegan Options, Work Friendly, WiFi",https://images.unsplash.com/photo-1563245372-f21724e3856d?w=500&q=80
185,"Jones, Myers and Tran",Chinese,4.8,$$,New York,Chinese Dining & Bistro,398,"Vegan Options, Work Friendly, WiFi",https://images.unsplash.com/photo-1563245372-f21724e3856d?w=500&q=80
186,Morton-Pacheco,Mexican,4.5,$$,Chicago,Mexican Dining & Bistro,1799,"Live Music, Craft Soda, Outdoor Patio",https://images.unsplash.com/photo-1565299585323-38d6b0865b47?w=500&q=80
187,Waters LLC,Japanese,3.0,$$,Los Angeles,Japanese Dining & Bistro,1539,"Family Friendly, Open 24h, Local Favorites",https://images.unsplash.com/photo-1579871494447-9811cf80d66c?w=500&q=80
188,"Jennings, Aguilar and Jimenez",Japanese,3.7,$,New York,Japanese Dining & Bistro,597,"Wine Pairings, Romantic Ambiance",https://images.unsplash.com/photo-1579871494447-9811cf80d66c?w=500&q=80
189,Robinson Group,Thai,4.5,$$$,Los Angeles,Thai Dining & Bistro,1168,"Live Music, Craft Soda, Outdoor Patio",https://images.unsplash.com/photo-1559314809-0d155014e29e?w=500&q=80
190,"Santos, Kelly and Davidson",Italian,2.7,$$,Houston,Italian Dining & Bistro,934,"Matcha Specials, Dog Friendly",https://images.unsplash.com/photo-1555396273-367ea4eb4db5?w=500&q=80
191,"Carpenter, Dunn and Myers",American,3.5,$$$,Chicago,American Dining & Bistro,929,"Matcha Specials, Dog Friendly",https://images.unsplash.com/photo-1550547660-d9450f859349?w=500&q=80
192,Davis LLC,Chinese,4.6,$$,Chicago,Chinese Dining & Bistro,1987,"Matcha Specials, Dog Friendly",https://images.unsplash.com/photo-1563245372-f21724e3856d?w=500&q=80
193,"Obrien, Pearson and Young",American,3.5,$$,Houston,American Dining & Bistro,724,"Wine Pairings, Romantic Ambiance",https://images.unsplash.com/photo-1550547660-d9450f859349?w=500&q=80
194,Grant Group,Chinese,2.7,$,Chicago,Chinese Dining & Bistro,1878,"WiFi, Outdoor Seating, Halal Certified",https://images.unsplash.com/photo-1563245372-f21724e3856d?w=500&q=80
195,"Dougherty, Jordan and Solomon",American,3.9,$$$$,San Francisco,American Dining & Bistro,901,"Vegan Options, Work Friendly, WiFi",https://images.unsplash.com/photo-1550547660-d9450f859349?w=500&q=80
196,Douglas-Carter,Indian,4.7,$$$$,Los Angeles,Indian Dining & Bistro,1290,"Wine Pairings, Romantic Ambiance",https://images.unsplash.com/photo-1585937421612-70a008356fbe?w=500&q=80
197,Reynolds-Marshall,French,4.0,$,New York,French Dining & Bistro,2044,"Vegan Options, Work Friendly, WiFi",https://images.unsplash.com/photo-1509440159596-0249088772ff?w=500&q=80
198,Shelton Ltd,Chinese,3.1,$$$,Houston,Chinese Dining & Bistro,1173,"Wine Pairings, Romantic Ambiance",https://images.unsplash.com/photo-1563245372-f21724e3856d?w=500&q=80
199,Wolf Group,American,3.5,$$$$,San Francisco,American Dining & Bistro,458,"Vegan Options, Work Friendly, WiFi",https://images.unsplash.com/photo-1550547660-d9450f859349?w=500&q=80
200,Sanchez-Williams,Japanese,3.6,$,New York,Japanese Dining & Bistro,1965,"Wine Pairings, Romantic Ambiance",https://images.unsplash.com/photo-1579871494447-9811cf80d66c?w=500&q=80
201,"Wolfe, Jones and Chavez",Italian,3.9,$,New York,Italian Dining & Bistro,551,"WiFi, Outdoor Seating, Halal Certified",https://images.unsplash.com/photo-1555396273-367ea4eb4db5?w=500&q=80
202,Gonzalez Ltd,Indian,4.4,$$$$,Houston,Indian Dining & Bistro,357,"Live Music, Craft Soda, Outdoor Patio",https://images.unsplash.com/photo-1585937421612-70a008356fbe?w=500&q=80
203,"Padilla, Neal and Duncan",Indian,2.7,$$$,San Francisco,Indian Dining & Bistro,210,"Matcha Specials, Dog Friendly",https://images.unsplash.com/photo-1585937421612-70a008356fbe?w=500&q=80
204,Brown and Sons,Italian,4.7,$,New York,Italian Dining & Bistro,532,"Vegan Options, Work Friendly, WiFi",https://images.unsplash.com/photo-1555396273-367ea4eb4db5?w=500&q=80
205,Rodriguez-Evans,American,2.5,$$,New York,American Dining & Bistro,1118,"Wine Pairings, Romantic Ambiance",https://images.unsplash.com/photo-1550547660-d9450f859349?w=500&q=80
206,Huerta LLC,Japanese,3.4,$$$,San Francisco,Japanese Dining & Bistro,831,"WiFi, Outdoor Seating, Halal Certified",https://images.unsplash.com/photo-1579871494447-9811cf80d66c?w=500&q=80
207,Choi PLC,Mexican,2.6,$$$,Chicago,Mexican Dining & Bistro,1814,"WiFi, Outdoor Seating, Halal Certified",https://images.unsplash.com/photo-1565299585323-38d6b0865b47?w=500&q=80
208,Hughes PLC,Italian,3.5,$$$$,New York,Italian Dining & Bistro,2139,"Matcha Specials, Dog Friendly",https://images.unsplash.com/photo-1555396273-367ea4eb4db5?w=500&q=80
209,"York, Smith and Duffy",American,3.8,$$$$,Los Angeles,American Dining & Bistro,2121,"Wine Pairings, Romantic Ambiance",https://images.unsplash.com/photo-1550547660-d9450f859349?w=500&q=80
210,Klein-Taylor,Italian,3.8,$$,San Francisco,Italian Dining & Bistro,1025,"Live Music, Craft Soda, Outdoor Patio",https://images.unsplash.com/photo-1555396273-367ea4eb4db5?w=500&q=80
211,"Lawson, Murphy and Williams",Italian,2.9,$,New York,Italian Dining & Bistro,1792,"Vegan Options, Work Friendly, WiFi",https://images.unsplash.com/photo-1555396273-367ea4eb4db5?w=500&q=80
212,"Dyer, Carney and Thomas",Chinese,4.1,$$$$,Houston,Chinese Dining & Bistro,390,"Live Music, Craft Soda, Outdoor Patio",https://images.unsplash.com/photo-1563245372-f21724e3856d?w=500&q=80
213,Davis-Gilbert,American,2.6,$$$$,Los Angeles,American Dining & Bistro,824,"Family Friendly, Open 24h, Local Favorites",https://images.unsplash.com/photo-1550547660-d9450f859349?w=500&q=80
214,Salazar-Davis,Mexican,4.4,$$$,New York,Mexican Dining & Bistro,1702,"WiFi, Outdoor Seating, Halal Certified",https://images.unsplash.com/photo-1565299585323-38d6b0865b47?w=500&q=80
215,Zhang and Sons,French,4.9,$$$$,Los Angeles,French Dining & Bistro,158,"WiFi, Outdoor Seating, Halal Certified",https://images.unsplash.com/photo-1509440159596-0249088772ff?w=500&q=80
216,"Hicks, Roberts and Griffin",Chinese,3.3,$$$$,Los Angeles,Chinese Dining & Bistro,1749,"Matcha Specials, Dog Friendly",https://images.unsplash.com/photo-1563245372-f21724e3856d?w=500&q=80
217,Ramirez-Frank,Italian,3.8,$$$$,Chicago,Italian Dining & Bistro,1236,"Wine Pairings, Romantic Ambiance",https://images.unsplash.com/photo-1555396273-367ea4eb4db5?w=500&q=80
218,Perez PLC,French,3.4,$$$$,Los Angeles,French Dining & Bistro,2013,"Family Friendly, Open 24h, Local Favorites",https://images.unsplash.com/photo-1509440159596-0249088772ff?w=500&q=80
219,Calderon and Sons,Thai,2.5,$$$,Chicago,Thai Dining & Bistro,1318,"Family Friendly, Open 24h, Local Favorites",https://images.unsplash.com/photo-1559314809-0d155014e29e?w=500&q=80
220,"Graham, Hall and Hancock",French,3.5,$$,San Francisco,French Dining & Bistro,1882,"Family Friendly, Open 24h, Local Favorites",https://images.unsplash.com/photo-1509440159596-0249088772ff?w=500&q=80
221,Ramsey and Sons,Italian,4.5,$$,Chicago,Italian Dining & Bistro,2143,"Wine Pairings, Romantic Ambiance",https://images.unsplash.com/photo-1555396273-367ea4eb4db5?w=500&q=80
222,Phelps-Gilmore,Italian,4.0,$,Houston,Italian Dining & Bistro,784,"Vegan Options, Work Friendly, WiFi",https://images.unsplash.com/photo-1555396273-367ea4eb4db5?w=500&q=80
223,Price-Smith,Japanese,2.8,$$$$,New York,Japanese Dining & Bistro,927,"WiFi, Outdoor Seating, Halal Certified",https://images.unsplash.com/photo-1579871494447-9811cf80d66c?w=500&q=80
224,Peck Inc,American,4.6,$$$,San Francisco,American Dining & Bistro,1365,"Wine Pairings, Romantic Ambiance",https://images.unsplash.com/photo-1550547660-d9450f859349?w=500&q=80
225,Lowe Group,American,3.8,$,San Francisco,American Dining & Bistro,1041,"Family Friendly, Open 24h, Local Favorites",https://images.unsplash.com/photo-1550547660-d9450f859349?w=500&q=80
226,"Reynolds, Scott and Santos",Chinese,4.6,$,Houston,Chinese Dining & Bistro,389,"WiFi, Outdoor Seating, Halal Certified",https://images.unsplash.com/photo-1563245372-f21724e3856d?w=500&q=80
227,"Hicks, Brown and Matthews",Mexican,4.0,$$,Chicago,Mexican Dining & Bistro,399,"WiFi, Outdoor Seating, Halal Certified",https://images.unsplash.com/photo-1565299585323-38d6b0865b47?w=500&q=80
228,Lee and Sons,Chinese,3.9,$$$,New York,Chinese Dining & Bistro,1434,"Family Friendly, Open 24h, Local Favorites",https://images.unsplash.com/photo-1563245372-f21724e3856d?w=500&q=80
229,"Snyder, Rodriguez and Luna",Indian,2.8,$$$,Chicago,Indian Dining & Bistro,384,"Family Friendly, Open 24h, Local Favorites",https://images.unsplash.com/photo-1585937421612-70a008356fbe?w=500&q=80
230,Perez Group,Italian,2.9,$$$,Los Angeles,Italian Dining & Bistro,355,"WiFi, Outdoor Seating, Halal Certified",https://images.unsplash.com/photo-1555396273-367ea4eb4db5?w=500&q=80
231,Shannon-Hicks,French,4.9,$$,Chicago,French Dining & Bistro,2102,"Matcha Specials, Dog Friendly",https://images.unsplash.com/photo-1509440159596-0249088772ff?w=500&q=80
232,"Bass, Spears and Brooks",Thai,3.1,$$,San Francisco,Thai Dining & Bistro,794,"Live Music, Craft Soda, Outdoor Patio",https://images.unsplash.com/photo-1559314809-0d155014e29e?w=500&q=80
233,"Horton, Smith and Johnson",Italian,4.9,$$,New York,Italian Dining & Bistro,382,"Live Music, Craft Soda, Outdoor Patio",https://images.unsplash.com/photo-1555396273-367ea4eb4db5?w=500&q=80
234,"Morrow, Williams and Snyder",Italian,3.8,$$,Chicago,Italian Dining & Bistro,478,"WiFi, Outdoor Seating, Halal Certified",https://images.unsplash.com/photo-1555396273-367ea4eb4db5?w=500&q=80
235,Perry-Medina,Chinese,2.8,$$,New York,Chinese Dining & Bistro,911,"Vegan Options, Work Friendly, WiFi",https://images.unsplash.com/photo-1563245372-f21724e3856d?w=500&q=80
236,Stephens PLC,Thai,2.7,$$$$,New York,Thai Dining & Bistro,430,"Vegan Options, Work Friendly, WiFi",https://images.unsplash.com/photo-1559314809-0d155014e29e?w=500&q=80
237,Martinez-Nguyen,Thai,3.0,$$$$,Los Angeles,Thai Dining & Bistro,428,"Matcha Specials, Dog Friendly",https://images.unsplash.com/photo-1559314809-0d155014e29e?w=500&q=80
238,"Young, Davis and Dean",Thai,4.8,$$$,Los Angeles,Thai Dining & Bistro,1113,"Wine Pairings, Romantic Ambiance",https://images.unsplash.com/photo-1559314809-0d155014e29e?w=500&q=80
239,Stevens LLC,Chinese,3.5,$,San Francisco,Chinese Dining & Bistro,1803,"WiFi, Outdoor Seating, Halal Certified",https://images.unsplash.com/photo-1563245372-f21724e3856d?w=500&q=80
240,Kim-Allen,Italian,3.5,$$$,Houston,Italian Dining & Bistro,641,"Vegan Options, Work Friendly, WiFi",https://images.unsplash.com/photo-1555396273-367ea4eb4db5?w=500&q=80
241,"Mercer, Gray and Quinn",Chinese,3.3,$,New York,Chinese Dining & Bistro,1158,"WiFi, Outdoor Seating, Halal Certified",https://images.unsplash.com/photo-1563245372-f21724e3856d?w=500&q=80
242,Hall-Nelson,American,2.9,$$,Houston,American Dining & Bistro,312,"Matcha Specials, Dog Friendly",https://images.unsplash.com/photo-1550547660-d9450f859349?w=500&q=80
243,Anderson-Oconnor,American,3.7,$,San Francisco,American Dining & Bistro,485,"Family Friendly, Open 24h, Local Favorites",https://images.unsplash.com/photo-1550547660-d9450f859349?w=500&q=80
244,"Underwood, Reed and Romero",Chinese,2.8,$$$,New York,Chinese Dining & Bistro,1867,"Matcha Specials, Dog Friendly",https://images.unsplash.com/photo-1563245372-f21724e3856d?w=500&q=80
245,Preston PLC,Thai,4.6,$$$,New York,Thai Dining & Bistro,1445,"Matcha Specials, Dog Friendly",https://images.unsplash.com/photo-1559314809-0d155014e29e?w=500&q=80
246,Cisneros Inc,Japanese,3.4,$,Houston,Japanese Dining & Bistro,1218,"Matcha Specials, Dog Friendly",https://images.unsplash.com/photo-1579871494447-9811cf80d66c?w=500&q=80
247,"Gutierrez, Hernandez and George",Italian,3.4,$$$$,Chicago,Italian Dining & Bistro,986,"Vegan Options, Work Friendly, WiFi",https://images.unsplash.com/photo-1555396273-367ea4eb4db5?w=500&q=80
248,Miller PLC,Chinese,3.7,$$,Los Angeles,Chinese Dining & Bistro,1436,"Matcha Specials, Dog Friendly",https://images.unsplash.com/photo-1563245372-f21724e3856d?w=500&q=80
249,"Barnett, Lynch and Harris",Chinese,3.6,$$,Chicago,Chinese Dining & Bistro,1127,"Family Friendly, Open 24h, Local Favorites",https://images.unsplash.com/photo-1563245372-f21724e3856d?w=500&q=80
250,Lara Inc,Chinese,5.0,$$$,Houston,Chinese Dining & Bistro,1237,"Family Friendly, Open 24h, Local Favorites",https://images.unsplash.com/photo-1563245372-f21724e3856d?w=500&q=80
251,Smith-Davis,Japanese,3.9,$$$$,Los Angeles,Japanese Dining & Bistro,1771,"Family Friendly, Open 24h, Local Favorites",https://images.unsplash.com/photo-1579871494447-9811cf80d66c?w=500&q=80
252,Snyder Inc,Japanese,2.7,$,Chicago,Japanese Dining & Bistro,686,"Wine Pairings, Romantic Ambiance",https://images.unsplash.com/photo-1579871494447-9811cf80d66c?w=500&q=80
253,"Weaver, Weeks and Scott",Indian,4.0,$$,Los Angeles,Indian Dining & Bistro,1378,"Matcha Specials, Dog Friendly",https://images.unsplash.com/photo-1585937421612-70a008356fbe?w=500&q=80
254,"Cook, Smith and Robinson",American,2.9,$$$$,New York,American Dining & Bistro,2022,"Family Friendly, Open 24h, Local Favorites",https://images.unsplash.com/photo-1550547660-d9450f859349?w=500&q=80
255,Long-Allen,French,2.6,$$,Chicago,French Dining & Bistro,1445,"Wine Pairings, Romantic Ambiance",https://images.unsplash.com/photo-1509440159596-0249088772ff?w=500&q=80
256,Vance PLC,Thai,4.9,$$$$,Los Angeles,Thai Dining & Bistro,447,"Matcha Specials, Dog Friendly",https://images.unsplash.com/photo-1559314809-0d155014e29e?w=500&q=80
257,Carroll-Kim,Mexican,4.4,$$$$,Los Angeles,Mexican Dining & Bistro,188,"Matcha Specials, Dog Friendly",https://images.unsplash.com/photo-1565299585323-38d6b0865b47?w=500&q=80
258,Willis-Howard,Japanese,5.0,$$$,Los Angeles,Japanese Dining & Bistro,2027,"WiFi, Outdoor Seating, Halal Certified",https://images.unsplash.com/photo-1579871494447-9811cf80d66c?w=500&q=80
259,Peterson PLC,French,3.7,$$,Chicago,French Dining & Bistro,559,"Matcha Specials, Dog Friendly",https://images.unsplash.com/photo-1509440159596-0249088772ff?w=500&q=80
260,Estrada-Hardin,Japanese,3.8,$,San Francisco,Japanese Dining & Bistro,450,"Live Music, Craft Soda, Outdoor Patio",https://images.unsplash.com/photo-1579871494447-9811cf80d66c?w=500&q=80
261,"Daugherty, Christian and Bailey",Thai,2.9,$$$,Chicago,Thai Dining & Bistro,1023,"WiFi, Outdoor Seating, Halal Certified",https://images.unsplash.com/photo-1559314809-0d155014e29e?w=500&q=80
262,Williams and Sons,Mexican,3.1,$$$,Houston,Mexican Dining & Bistro,1236,"Vegan Options, Work Friendly, WiFi",https://images.unsplash.com/photo-1565299585323-38d6b0865b47?w=500&q=80
263,White LLC,Indian,4.6,$,Chicago,Indian Dining & Bistro,692,"Live Music, Craft Soda, Outdoor Patio",https://images.unsplash.com/photo-1585937421612-70a008356fbe?w=500&q=80
264,"Munoz, Jackson and Wall",Chinese,3.4,$$$,Los Angeles,Chinese Dining & Bistro,1579,"Vegan Options, Work Friendly, WiFi",https://images.unsplash.com/photo-1563245372-f21724e3856d?w=500&q=80
265,Mullen and Sons,Indian,4.6,$$$$,New York,Indian Dining & Bistro,431,"Wine Pairings, Romantic Ambiance",https://images.unsplash.com/photo-1585937421612-70a008356fbe?w=500&q=80
266,Pruitt PLC,Japanese,4.3,$$$$,Chicago,Japanese Dining & Bistro,1150,"Live Music, Craft Soda, Outdoor Patio",https://images.unsplash.com/photo-1579871494447-9811cf80d66c?w=500&q=80
267,Stout Group,Indian,2.9,$$,Chicago,Indian Dining & Bistro,1663,"WiFi, Outdoor Seating, Halal Certified",https://images.unsplash.com/photo-1585937421612-70a008356fbe?w=500&q=80
268,Brown PLC,French,3.8,$$,Los Angeles,French Dining & Bistro,1317,"Vegan Options, Work Friendly, WiFi",https://images.unsplash.com/photo-1509440159596-0249088772ff?w=500&q=80
269,Owens-Cummings,Italian,4.2,$,New York,Italian Dining & Bistro,796,"Vegan Options, Work Friendly, WiFi",https://images.unsplash.com/photo-1555396273-367ea4eb4db5?w=500&q=80
270,"Wolfe, Molina and Barnes",Japanese,3.1,$$,New York,Japanese Dining & Bistro,1944,"Vegan Options, Work Friendly, WiFi",https://images.unsplash.com/photo-1579871494447-9811cf80d66c?w=500&q=80
271,Smith PLC,Japanese,4.6,$$$$,Houston,Japanese Dining & Bistro,1389,"Matcha Specials, Dog Friendly",https://images.unsplash.com/photo-1579871494447-9811cf80d66c?w=500&q=80
272,"Rivera, Price and Snow",French,3.9,$,Chicago,French Dining & Bistro,182,"WiFi, Outdoor Seating, Halal Certified",https://images.unsplash.com/photo-1509440159596-0249088772ff?w=500&q=80
273,"Greer, Davis and Pierce",American,2.9,$,New York,American Dining & Bistro,1376,"Vegan Options, Work Friendly, WiFi",https://images.unsplash.com/photo-1550547660-d9450f859349?w=500&q=80
274,Collins Inc,Mexican,4.0,$$,New York,Mexican Dining & Bistro,574,"WiFi, Outdoor Seating, Halal Certified",https://images.unsplash.com/photo-1565299585323-38d6b0865b47?w=500&q=80
275,"Perez, Le and Boyd",Chinese,5.0,$$$$,San Francisco,Chinese Dining & Bistro,700,"Family Friendly, Open 24h, Local Favorites",https://images.unsplash.com/photo-1563245372-f21724e3856d?w=500&q=80
276,"Thompson, Stephens and Hill",French,2.9,$,San Francisco,French Dining & Bistro,1233,"Family Friendly, Open 24h, Local Favorites",https://images.unsplash.com/photo-1509440159596-0249088772ff?w=500&q=80
277,Davis-Harris,Mexican,4.5,$$$$,New York,Mexican Dining & Bistro,622,"Live Music, Craft Soda, Outdoor Patio",https://images.unsplash.com/photo-1565299585323-38d6b0865b47?w=500&q=80
278,Cain-Neal,Thai,3.0,$$$$,Houston,Thai Dining & Bistro,588,"Matcha Specials, Dog Friendly",https://images.unsplash.com/photo-1559314809-0d155014e29e?w=500&q=80
279,Garcia PLC,Mexican,4.5,$$$$,New York,Mexican Dining & Bistro,786,"Family Friendly, Open 24h, Local Favorites",https://images.unsplash.com/photo-1565299585323-38d6b0865b47?w=500&q=80
280,Valdez and Sons,Thai,4.3,$$,Los Angeles,Thai Dining & Bistro,1265,"Wine Pairings, Romantic Ambiance",https://images.unsplash.com/photo-1559314809-0d155014e29e?w=500&q=80
281,Williams-Jones,French,3.3,$$$,Chicago,French Dining & Bistro,1304,"WiFi, Outdoor Seating, Halal Certified",https://images.unsplash.com/photo-1509440159596-0249088772ff?w=500&q=80
282,Mendez Group,Japanese,3.3,$$$,Houston,Japanese Dining & Bistro,1012,"Vegan Options, Work Friendly, WiFi",https://images.unsplash.com/photo-1579871494447-9811cf80d66c?w=500&q=80
283,Martin-Shepard,Japanese,4.5,$,Los Angeles,Japanese Dining & Bistro,1554,"Wine Pairings, Romantic Ambiance",https://images.unsplash.com/photo-1579871494447-9811cf80d66c?w=500&q=80
284,Schmidt-Henderson,American,3.7,$$$$,Houston,American Dining & Bistro,983,"Live Music, Craft Soda, Outdoor Patio",https://images.unsplash.com/photo-1550547660-d9450f859349?w=500&q=80
285,Smith Ltd,French,4.3,$$,Los Angeles,French Dining & Bistro,1231,"Wine Pairings, Romantic Ambiance",https://images.unsplash.com/photo-1509440159596-0249088772ff?w=500&q=80
286,Campbell-Fisher,Thai,2.9,$$$$,Chicago,Thai Dining & Bistro,2151,"Live Music, Craft Soda, Outdoor Patio",https://images.unsplash.com/photo-1559314809-0d155014e29e?w=500&q=80
287,Rogers-Moore,Mexican,4.6,$$$$,Chicago,Mexican Dining & Bistro,1178,"Family Friendly, Open 24h, Local Favorites",https://images.unsplash.com/photo-1565299585323-38d6b0865b47?w=500&q=80
288,Thompson LLC,Mexican,4.3,$$,San Francisco,Mexican Dining & Bistro,358,"WiFi, Outdoor Seating, Halal Certified",https://images.unsplash.com/photo-1565299585323-38d6b0865b47?w=500&q=80
289,"Moon, Johnson and Jacobson",Thai,4.8,$$$,Los Angeles,Thai Dining & Bistro,528,"Live Music, Craft Soda, Outdoor Patio",https://images.unsplash.com/photo-1559314809-0d155014e29e?w=500&q=80
290,Ray-Gonzales,Indian,2.8,$$$$,San Francisco,Indian Dining & Bistro,1884,"Vegan Options, Work Friendly, WiFi",https://images.unsplash.com/photo-1585937421612-70a008356fbe?w=500&q=80
291,"Powell, Montgomery and Barnes",American,4.0,$$$$,Los Angeles,American Dining & Bistro,1283,"Wine Pairings, Romantic Ambiance",https://images.unsplash.com/photo-1550547660-d9450f859349?w=500&q=80
292,"Monroe, Clark and Soto",Italian,4.0,$$$,San Francisco,Italian Dining & Bistro,330,"Live Music, Craft Soda, Outdoor Patio",https://images.unsplash.com/photo-1555396273-367ea4eb4db5?w=500&q=80
293,Ellis PLC,Japanese,3.4,$$,Chicago,Japanese Dining & Bistro,164,"Matcha Specials, Dog Friendly",https://images.unsplash.com/photo-1579871494447-9811cf80d66c?w=500&q=80
294,"Lopez, Guerra and Brown",Chinese,3.6,$,Houston,Chinese Dining & Bistro,1516,"Live Music, Craft Soda, Outdoor Patio",https://images.unsplash.com/photo-1563245372-f21724e3856d?w=500&q=80
295,Luna and Sons,Mexican,2.6,$$$,San Francisco,Mexican Dining & Bistro,685,"Vegan Options, Work Friendly, WiFi",https://images.unsplash.com/photo-1565299585323-38d6b0865b47?w=500&q=80
296,"Merritt, Mcconnell and Nicholson",Chinese,4.4,$,Los Angeles,Chinese Dining & Bistro,1222,"Family Friendly, Open 24h, Local Favorites",https://images.unsplash.com/photo-1563245372-f21724e3856d?w=500&q=80
297,Moore LLC,Italian,3.9,$,Los Angeles,Italian Dining & Bistro,811,"WiFi, Outdoor Seating, Halal Certified",https://images.unsplash.com/photo-1555396273-367ea4eb4db5?w=500&q=80
298,Cobb-Mccoy,French,2.6,$$$,Chicago,French Dining & Bistro,1959,"Matcha Specials, Dog Friendly",https://images.unsplash.com/photo-1509440159596-0249088772ff?w=500&q=80
299,Lopez and Sons,Chinese,4.2,$$$$,Los Angeles,Chinese Dining & Bistro,1901,"Vegan Options, Work Friendly, WiFi",https://images.unsplash.com/photo-1563245372-f21724e3856d?w=500&q=80
300,Oliver-Golden,Italian,3.7,$,New York,Italian Dining & Bistro,189,"Live Music, Craft Soda, Outdoor Patio",https://images.unsplash.com/photo-1555396273-367ea4eb4db5?w=500&q=80
301,Cooper and Sons,Japanese,2.6,$,Houston,Japanese Dining & Bistro,608,"Vegan Options, Work Friendly, WiFi",https://images.unsplash.com/photo-1579871494447-9811cf80d66c?w=500&q=80
302,"Jacobs, Lopez and Stone",Thai,4.9,$$,San Francisco,Thai Dining & Bistro,458,"Wine Pairings, Romantic Ambiance",https://images.unsplash.com/photo-1559314809-0d155014e29e?w=500&q=80
303,Greene-Hall,Indian,4.9,$$$$,Houston,Indian Dining & Bistro,760,"Vegan Options, Work Friendly, WiFi",https://images.unsplash.com/photo-1585937421612-70a008356fbe?w=500&q=80
304,"Marsh, Butler and Adams",Japanese,3.8,$,Chicago,Japanese Dining & Bistro,297,"WiFi, Outdoor Seating, Halal Certified",https://images.unsplash.com/photo-1579871494447-9811cf80d66c?w=500&q=80
305,Ruiz Inc,Mexican,2.7,$$,San Francisco,Mexican Dining & Bistro,1662,"WiFi, Outdoor Seating, Halal Certified",https://images.unsplash.com/photo-1565299585323-38d6b0865b47?w=500&q=80
306,Potter Ltd,Italian,4.4,$$$$,San Francisco,Italian Dining & Bistro,756,"Vegan Options, Work Friendly, WiFi",https://images.unsplash.com/photo-1555396273-367ea4eb4db5?w=500&q=80
307,Stewart Ltd,Chinese,3.7,$$$,New York,Chinese Dining & Bistro,1910,"Wine Pairings, Romantic Ambiance",https://images.unsplash.com/photo-1563245372-f21724e3856d?w=500&q=80
308,Swanson-Bennett,Mexican,3.3,$$$,Chicago,Mexican Dining & Bistro,672,"Matcha Specials, Dog Friendly",https://images.unsplash.com/photo-1565299585323-38d6b0865b47?w=500&q=80
309,"Davis, Pope and Lewis",Indian,3.7,$$,Los Angeles,Indian Dining & Bistro,321,"Live Music, Craft Soda, Outdoor Patio",https://images.unsplash.com/photo-1585937421612-70a008356fbe?w=500&q=80
310,"Ruiz, Huang and Williams",Thai,3.8,$$$,New York,Thai Dining & Bistro,1412,"Matcha Specials, Dog Friendly",https://images.unsplash.com/photo-1559314809-0d155014e29e?w=500&q=80
311,Dunn-Ball,French,3.9,$,New York,French Dining & Bistro,1643,"Wine Pairings, Romantic Ambiance",https://images.unsplash.com/photo-1509440159596-0249088772ff?w=500&q=80
312,Robinson Group,Mexican,3.6,$$$$,Houston,Mexican Dining & Bistro,313,"Family Friendly, Open 24h, Local Favorites",https://images.unsplash.com/photo-1565299585323-38d6b0865b47?w=500&q=80
313,Hernandez PLC,French,4.0,$,Houston,French Dining & Bistro,1615,"WiFi, Outdoor Seating, Halal Certified",https://images.unsplash.com/photo-1509440159596-0249088772ff?w=500&q=80
314,Levine-Cantu,Italian,4.8,$,Houston,Italian Dining & Bistro,1010,"Family Friendly, Open 24h, Local Favorites",https://images.unsplash.com/photo-1555396273-367ea4eb4db5?w=500&q=80
315,Herrera-Hernandez,Indian,3.4,$$$,New York,Indian Dining & Bistro,1172,"Live Music, Craft Soda, Outdoor Patio",https://images.unsplash.com/photo-1585937421612-70a008356fbe?w=500&q=80
316,Morse Inc,Chinese,4.3,$,Los Angeles,Chinese Dining & Bistro,571,"Wine Pairings, Romantic Ambiance",https://images.unsplash.com/photo-1563245372-f21724e3856d?w=500&q=80
317,Olson LLC,Indian,4.7,$$$,San Francisco,Indian Dining & Bistro,1598,"Live Music, Craft Soda, Outdoor Patio",https://images.unsplash.com/photo-1585937421612-70a008356fbe?w=500&q=80
318,"Castillo, House and Christensen",Indian,3.6,$$$$,Houston,Indian Dining & Bistro,1814,"Family Friendly, Open 24h, Local Favorites",https://images.unsplash.com/photo-1585937421612-70a008356fbe?w=500&q=80
319,Walker Ltd,American,3.6,$$$$,Los Angeles,American Dining & Bistro,783,"Wine Pairings, Romantic Ambiance",https://images.unsplash.com/photo-1550547660-d9450f859349?w=500&q=80
320,"Payne, Davis and Russell",Indian,4.0,$,Chicago,Indian Dining & Bistro,1119,"Matcha Specials, Dog Friendly",https://images.unsplash.com/photo-1585937421612-70a008356fbe?w=500&q=80
321,"Martinez, Shepherd and Hunter",Indian,4.0,$$,Houston,Indian Dining & Bistro,815,"Matcha Specials, Dog Friendly",https://images.unsplash.com/photo-1585937421612-70a008356fbe?w=500&q=80
322,Johnson-Stevens,Japanese,4.5,$$$,San Francisco,Japanese Dining & Bistro,875,"Family Friendly, Open 24h, Local Favorites",https://images.unsplash.com/photo-1579871494447-9811cf80d66c?w=500&q=80
323,Smith Group,Mexican,3.7,$$$,Chicago,Mexican Dining & Bistro,1838,"Family Friendly, Open 24h, Local Favorites",https://images.unsplash.com/photo-1565299585323-38d6b0865b47?w=500&q=80
324,"Daniels, Rowe and Hart",Chinese,5.0,$,Chicago,Chinese Dining & Bistro,251,"WiFi, Outdoor Seating, Halal Certified",https://images.unsplash.com/photo-1563245372-f21724e3856d?w=500&q=80
325,Miller and Sons,Japanese,2.6,$$$,San Francisco,Japanese Dining & Bistro,884,"Matcha Specials, Dog Friendly",https://images.unsplash.com/photo-1579871494447-9811cf80d66c?w=500&q=80
326,Frey Inc,Japanese,2.5,$$$,Houston,Japanese Dining & Bistro,1510,"WiFi, Outdoor Seating, Halal Certified",https://images.unsplash.com/photo-1579871494447-9811cf80d66c?w=500&q=80
327,Stewart and Sons,Mexican,4.1,$$,New York,Mexican Dining & Bistro,1836,"Family Friendly, Open 24h, Local Favorites",https://images.unsplash.com/photo-1565299585323-38d6b0865b47?w=500&q=80
328,Cox-Ross,Mexican,3.2,$$,San Francisco,Mexican Dining & Bistro,1166,"Live Music, Craft Soda, Outdoor Patio",https://images.unsplash.com/photo-1565299585323-38d6b0865b47?w=500&q=80
329,Sanders-Ortega,Italian,3.1,$,San Francisco,Italian Dining & Bistro,1242,"Wine Pairings, Romantic Ambiance",https://images.unsplash.com/photo-1555396273-367ea4eb4db5?w=500&q=80
330,Coffey Inc,Mexican,3.3,$$,San Francisco,Mexican Dining & Bistro,802,"Matcha Specials, Dog Friendly",https://images.unsplash.com/photo-1565299585323-38d6b0865b47?w=500&q=80
331,Smith LLC,American,3.1,$,Chicago,American Dining & Bistro,592,"Wine Pairings, Romantic Ambiance",https://images.unsplash.com/photo-1550547660-d9450f859349?w=500&q=80
332,Chase-Neal,American,2.6,$$$$,Los Angeles,American Dining & Bistro,1716,"WiFi, Outdoor Seating, Halal Certified",https://images.unsplash.com/photo-1550547660-d9450f859349?w=500&q=80
333,Harper Ltd,Japanese,4.9,$,New York,Japanese Dining & Bistro,308,"WiFi, Outdoor Seating, Halal Certified",https://images.unsplash.com/photo-1579871494447-9811cf80d66c?w=500&q=80
334,"Stewart, Ross and Maxwell",French,3.1,$$$$,Houston,French Dining & Bistro,2077,"Vegan Options, Work Friendly, WiFi",https://images.unsplash.com/photo-1509440159596-0249088772ff?w=500&q=80
335,"Bean, Pham and Porter",Italian,4.3,$,Houston,Italian Dining & Bistro,1061,"Live Music, Craft Soda, Outdoor Patio",https://images.unsplash.com/photo-1555396273-367ea4eb4db5?w=500&q=80
336,Mayo Inc,French,4.4,$$$,Los Angeles,French Dining & Bistro,967,"Matcha Specials, Dog Friendly",https://images.unsplash.com/photo-1509440159596-0249088772ff?w=500&q=80
337,Romero Group,French,4.8,$$,San Francisco,French Dining & Bistro,2035,"Matcha Specials, Dog Friendly",https://images.unsplash.com/photo-1509440159596-0249088772ff?w=500&q=80
338,"Herrera, Woods and Dixon",Japanese,2.6,$$$$,New York,Japanese Dining & Bistro,1582,"WiFi, Outdoor Seating, Halal Certified",https://images.unsplash.com/photo-1579871494447-9811cf80d66c?w=500&q=80
339,"Bernard, Lane and Mitchell",Thai,4.7,$,Houston,Thai Dining & Bistro,1400,"Live Music, Craft Soda, Outdoor Patio",https://images.unsplash.com/photo-1559314809-0d155014e29e?w=500&q=80
340,Wade-Rodriguez,Japanese,3.8,$$,Houston,Japanese Dining & Bistro,1082,"Wine Pairings, Romantic Ambiance",https://images.unsplash.com/photo-1579871494447-9811cf80d66c?w=500&q=80
341,Vasquez-Perry,Chinese,4.1,$,San Francisco,Chinese Dining & Bistro,1063,"Matcha Specials, Dog Friendly",https://images.unsplash.com/photo-1563245372-f21724e3856d?w=500&q=80
342,Lee-Holland,Chinese,4.1,$$,Los Angeles,Chinese Dining & Bistro,246,"WiFi, Outdoor Seating, Halal Certified",https://images.unsplash.com/photo-1563245372-f21724e3856d?w=500&q=80
343,"Harris, Mendoza and Blackburn",Mexican,4.5,$$,New York,Mexican Dining & Bistro,941,"Vegan Options, Work Friendly, WiFi",https://images.unsplash.com/photo-1565299585323-38d6b0865b47?w=500&q=80
344,"Williams, Gonzalez and Price",Mexican,3.3,$,Los Angeles,Mexican Dining & Bistro,1782,"Family Friendly, Open 24h, Local Favorites",https://images.unsplash.com/photo-1565299585323-38d6b0865b47?w=500&q=80
345,"Taylor, Turner and Thomas",Thai,4.3,$$$$,Los Angeles,Thai Dining & Bistro,1494,"Matcha Specials, Dog Friendly",https://images.unsplash.com/photo-1559314809-0d155014e29e?w=500&q=80
346,Hebert Inc,Mexican,3.8,$$$$,New York,Mexican Dining & Bistro,1291,"Live Music, Craft Soda, Outdoor Patio",https://images.unsplash.com/photo-1565299585323-38d6b0865b47?w=500&q=80
347,Stanley LLC,Chinese,4.5,$$$,New York,Chinese Dining & Bistro,434,"Family Friendly, Open 24h, Local Favorites",https://images.unsplash.com/photo-1563245372-f21724e3856d?w=500&q=80
348,"Parsons, Martin and Fields",French,5.0,$$,Houston,French Dining & Bistro,1293,"Wine Pairings, Romantic Ambiance",https://images.unsplash.com/photo-1509440159596-0249088772ff?w=500&q=80
349,"Moody, Randall and Dixon",Japanese,3.0,$$$,Houston,Japanese Dining & Bistro,1588,"Vegan Options, Work Friendly, WiFi",https://images.unsplash.com/photo-1579871494447-9811cf80d66c?w=500&q=80
350,"Morris, Page and Jones",Indian,5.0,$$$,New York,Indian Dining & Bistro,1787,"Matcha Specials, Dog Friendly",https://images.unsplash.com/photo-1585937421612-70a008356fbe?w=500&q=80
351,Ho LLC,American,2.7,$,Chicago,American Dining & Bistro,1506,"Family Friendly, Open 24h, Local Favorites",https://images.unsplash.com/photo-1550547660-d9450f859349?w=500&q=80
352,Williams-Cox,Indian,2.5,$,Houston,Indian Dining & Bistro,263,"Live Music, Craft Soda, Outdoor Patio",https://images.unsplash.com/photo-1585937421612-70a008356fbe?w=500&q=80
353,"David, Maldonado and Mcbride",Indian,2.6,$,Chicago,Indian Dining & Bistro,622,"Family Friendly, Open 24h, Local Favorites",https://images.unsplash.com/photo-1585937421612-70a008356fbe?w=500&q=80
354,Diaz Inc,Chinese,3.4,$$,New York,Chinese Dining & Bistro,1219,"WiFi, Outdoor Seating, Halal Certified",https://images.unsplash.com/photo-1563245372-f21724e3856d?w=500&q=80
355,Wilson LLC,Indian,4.1,$,Houston,Indian Dining & Bistro,881,"Family Friendly, Open 24h, Local Favorites",https://images.unsplash.com/photo-1585937421612-70a008356fbe?w=500&q=80
356,Cooper PLC,Japanese,2.7,$,Los Angeles,Japanese Dining & Bistro,1237,"Wine Pairings, Romantic Ambiance",https://images.unsplash.com/photo-1579871494447-9811cf80d66c?w=500&q=80
357,Li LLC,Thai,2.5,$$,New York,Thai Dining & Bistro,306,"Family Friendly, Open 24h, Local Favorites",https://images.unsplash.com/photo-1559314809-0d155014e29e?w=500&q=80
358,Brooks-Gibson,Italian,4.8,$$,San Francisco,Italian Dining & Bistro,594,"Wine Pairings, Romantic Ambiance",https://images.unsplash.com/photo-1555396273-367ea4eb4db5?w=500&q=80
359,Hicks-Caldwell,Mexican,4.6,$$$$,Chicago,Mexican Dining & Bistro,1929,"Wine Pairings, Romantic Ambiance",https://images.unsplash.com/photo-1565299585323-38d6b0865b47?w=500&q=80
360,"Arellano, Lane and Roberts",Italian,4.5,$,New York,Italian Dining & Bistro,1565,"Live Music, Craft Soda, Outdoor Patio",https://images.unsplash.com/photo-1555396273-367ea4eb4db5?w=500&q=80
361,Anderson Group,French,4.7,$,New York,French Dining & Bistro,1434,"WiFi, Outdoor Seating, Halal Certified",https://images.unsplash.com/photo-1509440159596-0249088772ff?w=500&q=80
362,Kelly LLC,Japanese,4.3,$,Houston,Japanese Dining & Bistro,1937,"Vegan Options, Work Friendly, WiFi",https://images.unsplash.com/photo-1579871494447-9811cf80d66c?w=500&q=80
363,Suarez PLC,Japanese,2.8,$$$$,Houston,Japanese Dining & Bistro,623,"Wine Pairings, Romantic Ambiance",https://images.unsplash.com/photo-1579871494447-9811cf80d66c?w=500&q=80
364,Kim-Gonzales,American,3.5,$,Houston,American Dining & Bistro,1727,"Family Friendly, Open 24h, Local Favorites",https://images.unsplash.com/photo-1550547660-d9450f859349?w=500&q=80
365,"Coleman, Jones and Thomas",Japanese,4.3,$$$$,San Francisco,Japanese Dining & Bistro,928,"Live Music, Craft Soda, Outdoor Patio",https://images.unsplash.com/photo-1579871494447-9811cf80d66c?w=500&q=80
366,"Johnson, Cohen and Johnson",Mexican,3.2,$$$,Houston,Mexican Dining & Bistro,1193,"Family Friendly, Open 24h, Local Favorites",https://images.unsplash.com/photo-1565299585323-38d6b0865b47?w=500&q=80
367,"Jennings, Dixon and Tucker",Japanese,4.2,$$$$,New York,Japanese Dining & Bistro,331,"Wine Pairings, Romantic Ambiance",https://images.unsplash.com/photo-1579871494447-9811cf80d66c?w=500&q=80
368,"Marshall, Mora and Morgan",Indian,2.6,$$$,Houston,Indian Dining & Bistro,1936,"Live Music, Craft Soda, Outdoor Patio",https://images.unsplash.com/photo-1585937421612-70a008356fbe?w=500&q=80
369,Stevenson-Andrews,American,3.3,$,Los Angeles,American Dining & Bistro,156,"Family Friendly, Open 24h, Local Favorites",https://images.unsplash.com/photo-1550547660-d9450f859349?w=500&q=80
370,Navarro-Coleman,Mexican,3.9,$$$,Houston,Mexican Dining & Bistro,957,"Matcha Specials, Dog Friendly",https://images.unsplash.com/photo-1565299585323-38d6b0865b47?w=500&q=80
371,"Alvarez, Hudson and Hawkins",Thai,4.1,$$$$,San Francisco,Thai Dining & Bistro,1641,"WiFi, Outdoor Seating, Halal Certified",https://images.unsplash.com/photo-1559314809-0d155014e29e?w=500&q=80
372,"Oliver, Drake and Taylor",Thai,3.9,$$,Los Angeles,Thai Dining & Bistro,1916,"Family Friendly, Open 24h, Local Favorites",https://images.unsplash.com/photo-1559314809-0d155014e29e?w=500&q=80
373,Gomez-Sanders,Thai,4.2,$$$,New York,Thai Dining & Bistro,436,"WiFi, Outdoor Seating, Halal Certified",https://images.unsplash.com/photo-1559314809-0d155014e29e?w=500&q=80
374,Schwartz-Aguilar,Thai,2.5,$$$,New York,Thai Dining & Bistro,1502,"Wine Pairings, Romantic Ambiance",https://images.unsplash.com/photo-1559314809-0d155014e29e?w=500&q=80
375,Flowers Inc,Indian,2.8,$,Chicago,Indian Dining & Bistro,1435,"Wine Pairings, Romantic Ambiance",https://images.unsplash.com/photo-1585937421612-70a008356fbe?w=500&q=80
376,Parrish-Smith,Japanese,4.7,$$$$,Los Angeles,Japanese Dining & Bistro,660,"Wine Pairings, Romantic Ambiance",https://images.unsplash.com/photo-1579871494447-9811cf80d66c?w=500&q=80
377,Nunez-Ramos,Italian,4.2,$$$,Chicago,Italian Dining & Bistro,1380,"WiFi, Outdoor Seating, Halal Certified",https://images.unsplash.com/photo-1555396273-367ea4eb4db5?w=500&q=80
378,Stone PLC,Mexican,2.8,$$$,Los Angeles,Mexican Dining & Bistro,1416,"Family Friendly, Open 24h, Local Favorites",https://images.unsplash.com/photo-1565299585323-38d6b0865b47?w=500&q=80
379,Miller LLC,Indian,4.6,$$$,Los Angeles,Indian Dining & Bistro,1822,"Matcha Specials, Dog Friendly",https://images.unsplash.com/photo-1585937421612-70a008356fbe?w=500&q=80
380,"Tucker, Nixon and Green",Thai,3.1,$$$,San Francisco,Thai Dining & Bistro,1486,"WiFi, Outdoor Seating, Halal Certified",https://images.unsplash.com/photo-1559314809-0d155014e29e?w=500&q=80
381,Salinas LLC,French,3.7,$$,Chicago,French Dining & Bistro,1798,"Live Music, Craft Soda, Outdoor Patio",https://images.unsplash.com/photo-1509440159596-0249088772ff?w=500&q=80
382,"Beck, Lawson and Bailey",Japanese,2.9,$$$$,San Francisco,Japanese Dining & Bistro,1361,"Matcha Specials, Dog Friendly",https://images.unsplash.com/photo-1579871494447-9811cf80d66c?w=500&q=80
383,Hayes and Sons,Italian,4.3,$,Los Angeles,Italian Dining & Bistro,671,"Family Friendly, Open 24h, Local Favorites",https://images.unsplash.com/photo-1555396273-367ea4eb4db5?w=500&q=80
384,"Ramsey, Roberson and Gutierrez",French,4.2,$,New York,French Dining & Bistro,935,"Family Friendly, Open 24h, Local Favorites",https://images.unsplash.com/photo-1509440159596-0249088772ff?w=500&q=80
385,Horn-Gonzalez,American,3.0,$$,Los Angeles,American Dining & Bistro,1872,"WiFi, Outdoor Seating, Halal Certified",https://images.unsplash.com/photo-1550547660-d9450f859349?w=500&q=80
386,Schmidt-Huffman,French,4.7,$$$$,San Francisco,French Dining & Bistro,1702,"Vegan Options, Work Friendly, WiFi",https://images.unsplash.com/photo-1509440159596-0249088772ff?w=500&q=80
387,Stevenson Ltd,American,3.5,$$$,Chicago,American Dining & Bistro,862,"Matcha Specials, Dog Friendly",https://images.unsplash.com/photo-1550547660-d9450f859349?w=500&q=80
388,Robinson-Carter,American,3.2,$$,Chicago,American Dining & Bistro,1382,"Wine Pairings, Romantic Ambiance",https://images.unsplash.com/photo-1550547660-d9450f859349?w=500&q=80
389,Morton-White,Thai,2.9,$$$$,San Francisco,Thai Dining & Bistro,1813,"Matcha Specials, Dog Friendly",https://images.unsplash.com/photo-1559314809-0d155014e29e?w=500&q=80
390,"Walsh, Whitaker and Miller",American,3.2,$$$,Chicago,American Dining & Bistro,151,"Family Friendly, Open 24h, Local Favorites",https://images.unsplash.com/photo-1550547660-d9450f859349?w=500&q=80
391,Ramirez Ltd,Chinese,2.6,$$,Houston,Chinese Dining & Bistro,1394,"Live Music, Craft Soda, Outdoor Patio",https://images.unsplash.com/photo-1563245372-f21724e3856d?w=500&q=80
392,"Melendez, Mays and Palmer",Mexican,4.0,$$$$,New York,Mexican Dining & Bistro,1325,"Family Friendly, Open 24h, Local Favorites",https://images.unsplash.com/photo-1565299585323-38d6b0865b47?w=500&q=80
393,Wallace-Jones,Mexican,4.6,$,New York,Mexican Dining & Bistro,1010,"WiFi, Outdoor Seating, Halal Certified",https://images.unsplash.com/photo-1565299585323-38d6b0865b47?w=500&q=80
394,Smith-Gross,Thai,3.9,$,New York,Thai Dining & Bistro,1910,"Vegan Options, Work Friendly, WiFi",https://images.unsplash.com/photo-1559314809-0d155014e29e?w=500&q=80
395,Parker-Mckinney,Chinese,3.0,$$$$,Chicago,Chinese Dining & Bistro,1469,"Wine Pairings, Romantic Ambiance",https://images.unsplash.com/photo-1563245372-f21724e3856d?w=500&q=80
396,Sanchez Group,French,2.6,$,Chicago,French Dining & Bistro,2054,"Matcha Specials, Dog Friendly",https://images.unsplash.com/photo-1509440159596-0249088772ff?w=500&q=80
397,Herman-Goodman,Indian,3.0,$$$$,Los Angeles,Indian Dining & Bistro,1959,"Vegan Options, Work Friendly, WiFi",https://images.unsplash.com/photo-1585937421612-70a008356fbe?w=500&q=80
398,"Dixon, Garrett and Clark",French,3.5,$$$,Los Angeles,French Dining & Bistro,1961,"Wine Pairings, Romantic Ambiance",https://images.unsplash.com/photo-1509440159596-0249088772ff?w=500&q=80
399,Nelson-Trevino,Japanese,4.4,$$$$,New York,Japanese Dining & Bistro,1025,"Family Friendly, Open 24h, Local Favorites",https://images.unsplash.com/photo-1579871494447-9811cf80d66c?w=500&q=80
400,"Miles, Esparza and Hahn",Indian,3.0,$$$,Houston,Indian Dining & Bistro,2088,"Live Music, Craft Soda, Outdoor Patio",https://images.unsplash.com/photo-1585937421612-70a008356fbe?w=500&q=80
401,Hernandez Ltd,American,4.3,$$,Los Angeles,American Dining & Bistro,845,"Family Friendly, Open 24h, Local Favorites",https://images.unsplash.com/photo-1550547660-d9450f859349?w=500&q=80
402,Small Group,Italian,4.7,$$$$,Los Angeles,Italian Dining & Bistro,497,"WiFi, Outdoor Seating, Halal Certified",https://images.unsplash.com/photo-1555396273-367ea4eb4db5?w=500&q=80
403,Graham LLC,Indian,3.6,$$,Chicago,Indian Dining & Bistro,1312,"WiFi, Outdoor Seating, Halal Certified",https://images.unsplash.com/photo-1585937421612-70a008356fbe?w=500&q=80
404,Smith Ltd,Italian,4.6,$,Houston,Italian Dining & Bistro,1522,"Live Music, Craft Soda, Outdoor Patio",https://images.unsplash.com/photo-1555396273-367ea4eb4db5?w=500&q=80
405,"Green, Rogers and Villanueva",Mexican,3.9,$$$,New York,Mexican Dining & Bistro,532,"Matcha Specials, Dog Friendly",https://images.unsplash.com/photo-1565299585323-38d6b0865b47?w=500&q=80
406,"Stewart, Richardson and Farmer",Italian,4.1,$$$$,Los Angeles,Italian Dining & Bistro,1112,"Vegan Options, Work Friendly, WiFi",https://images.unsplash.com/photo-1555396273-367ea4eb4db5?w=500&q=80
407,Hudson-Perry,Mexican,3.8,$$,Houston,Mexican Dining & Bistro,1421,"Live Music, Craft Soda, Outdoor Patio",https://images.unsplash.com/photo-1565299585323-38d6b0865b47?w=500&q=80
408,Christensen-Perkins,Chinese,3.7,$$$,Houston,Chinese Dining & Bistro,1070,"Vegan Options, Work Friendly, WiFi",https://images.unsplash.com/photo-1563245372-f21724e3856d?w=500&q=80
409,Meadows Inc,Chinese,3.1,$$$,New York,Chinese Dining & Bistro,965,"Wine Pairings, Romantic Ambiance",https://images.unsplash.com/photo-1563245372-f21724e3856d?w=500&q=80
410,White Inc,Thai,3.3,$,Houston,Thai Dining & Bistro,753,"Matcha Specials, Dog Friendly",https://images.unsplash.com/photo-1559314809-0d155014e29e?w=500&q=80
411,Cole Inc,Thai,3.2,$,Houston,Thai Dining & Bistro,250,"WiFi, Outdoor Seating, Halal Certified",https://images.unsplash.com/photo-1559314809-0d155014e29e?w=500&q=80
412,"Morgan, Wilson and Moore",American,3.9,$$$,Houston,American Dining & Bistro,339,"Matcha Specials, Dog Friendly",https://images.unsplash.com/photo-1550547660-d9450f859349?w=500&q=80
413,"Brooks, Mckee and Martinez",Indian,2.8,$$$,Los Angeles,Indian Dining & Bistro,1152,"Family Friendly, Open 24h, Local Favorites",https://images.unsplash.com/photo-1585937421612-70a008356fbe?w=500&q=80
414,Burch Group,American,4.8,$$$$,New York,American Dining & Bistro,2096,"WiFi, Outdoor Seating, Halal Certified",https://images.unsplash.com/photo-1550547660-d9450f859349?w=500&q=80
415,"Nichols, Finley and Wright",Mexican,4.3,$$$,Houston,Mexican Dining & Bistro,448,"Vegan Options, Work Friendly, WiFi",https://images.unsplash.com/photo-1565299585323-38d6b0865b47?w=500&q=80
416,Hernandez-Smith,American,3.5,$$$$,Houston,American Dining & Bistro,2015,"WiFi, Outdoor Seating, Halal Certified",https://images.unsplash.com/photo-1550547660-d9450f859349?w=500&q=80
417,Caldwell-Kelly,Italian,2.9,$$$,Los Angeles,Italian Dining & Bistro,1847,"Family Friendly, Open 24h, Local Favorites",https://images.unsplash.com/photo-1555396273-367ea4eb4db5?w=500&q=80
418,Cannon-Henson,Mexican,4.7,$,New York,Mexican Dining & Bistro,946,"WiFi, Outdoor Seating, Halal Certified",https://images.unsplash.com/photo-1565299585323-38d6b0865b47?w=500&q=80
419,"Clark, Richards and Hernandez",Thai,4.6,$$$$,Chicago,Thai Dining & Bistro,1722,"Live Music, Craft Soda, Outdoor Patio",https://images.unsplash.com/photo-1559314809-0d155014e29e?w=500&q=80
420,"Strickland, Hill and Wilson",Chinese,4.3,$$,Los Angeles,Chinese Dining & Bistro,2174,"Vegan Options, Work Friendly, WiFi",https://images.unsplash.com/photo-1563245372-f21724e3856d?w=500&q=80
421,Schultz Group,Thai,3.2,$,New York,Thai Dining & Bistro,1786,"Family Friendly, Open 24h, Local Favorites",https://images.unsplash.com/photo-1559314809-0d155014e29e?w=500&q=80
422,Welch Ltd,Indian,3.5,$$$$,Houston,Indian Dining & Bistro,1149,"Live Music, Craft Soda, Outdoor Patio",https://images.unsplash.com/photo-1585937421612-70a008356fbe?w=500&q=80
423,Hart PLC,Mexican,2.8,$$$$,New York,Mexican Dining & Bistro,754,"Wine Pairings, Romantic Ambiance",https://images.unsplash.com/photo-1565299585323-38d6b0865b47?w=500&q=80
424,"Lane, Lee and Thomas",Mexican,3.0,$$,New York,Mexican Dining & Bistro,172,"Matcha Specials, Dog Friendly",https://images.unsplash.com/photo-1565299585323-38d6b0865b47?w=500&q=80
425,Harmon and Sons,Italian,4.5,$$$$,New York,Italian Dining & Bistro,586,"Live Music, Craft Soda, Outdoor Patio",https://images.unsplash.com/photo-1555396273-367ea4eb4db5?w=500&q=80
426,"Castillo, Hunter and Blanchard",Indian,4.3,$$$,Chicago,Indian Dining & Bistro,1891,"Wine Pairings, Romantic Ambiance",https://images.unsplash.com/photo-1585937421612-70a008356fbe?w=500&q=80
427,"Knox, Smith and Thomas",Chinese,4.0,$$,New York,Chinese Dining & Bistro,1046,"Family Friendly, Open 24h, Local Favorites",https://images.unsplash.com/photo-1563245372-f21724e3856d?w=500&q=80
428,"Payne, Schroeder and Ryan",French,4.7,$,Chicago,French Dining & Bistro,870,"Family Friendly, Open 24h, Local Favorites",https://images.unsplash.com/photo-1509440159596-0249088772ff?w=500&q=80
429,Marks Inc,Mexican,4.0,$,Houston,Mexican Dining & Bistro,2052,"Family Friendly, Open 24h, Local Favorites",https://images.unsplash.com/photo-1565299585323-38d6b0865b47?w=500&q=80
430,Calderon-Newman,Mexican,3.7,$$$,Chicago,Mexican Dining & Bistro,355,"Vegan Options, Work Friendly, WiFi",https://images.unsplash.com/photo-1565299585323-38d6b0865b47?w=500&q=80
431,Clements-Wyatt,Italian,3.4,$,Houston,Italian Dining & Bistro,1170,"Family Friendly, Open 24h, Local Favorites",https://images.unsplash.com/photo-1555396273-367ea4eb4db5?w=500&q=80
432,Williams-Davis,American,4.9,$$$$,Houston,American Dining & Bistro,647,"Matcha Specials, Dog Friendly",https://images.unsplash.com/photo-1550547660-d9450f859349?w=500&q=80
433,Dixon-Burgess,Japanese,2.7,$$$$,Chicago,Japanese Dining & Bistro,2019,"Vegan Options, Work Friendly, WiFi",https://images.unsplash.com/photo-1579871494447-9811cf80d66c?w=500&q=80
434,Bradshaw-Velazquez,Chinese,4.8,$$$,Los Angeles,Chinese Dining & Bistro,696,"Family Friendly, Open 24h, Local Favorites",https://images.unsplash.com/photo-1563245372-f21724e3856d?w=500&q=80
435,Brown and Sons,Thai,4.6,$,San Francisco,Thai Dining & Bistro,2053,"Vegan Options, Work Friendly, WiFi",https://images.unsplash.com/photo-1559314809-0d155014e29e?w=500&q=80
436,Lara LLC,Indian,2.8,$,New York,Indian Dining & Bistro,1449,"Matcha Specials, Dog Friendly",https://images.unsplash.com/photo-1585937421612-70a008356fbe?w=500&q=80
437,Phillips LLC,Mexican,3.9,$$$,San Francisco,Mexican Dining & Bistro,1962,"Matcha Specials, Dog Friendly",https://images.unsplash.com/photo-1565299585323-38d6b0865b47?w=500&q=80
438,Robinson-Santos,Mexican,4.7,$$,New York,Mexican Dining & Bistro,1897,"Live Music, Craft Soda, Outdoor Patio",https://images.unsplash.com/photo-1565299585323-38d6b0865b47?w=500&q=80
439,Martin-Craig,Thai,3.9,$,New York,Thai Dining & Bistro,1976,"Vegan Options, Work Friendly, WiFi",https://images.unsplash.com/photo-1559314809-0d155014e29e?w=500&q=80
440,"Sparks, Wallace and Houston",Chinese,4.8,$$,Houston,Chinese Dining & Bistro,801,"WiFi, Outdoor Seating, Halal Certified",https://images.unsplash.com/photo-1563245372-f21724e3856d?w=500&q=80
441,"Sexton, Hansen and Torres",Japanese,4.9,$,New York,Japanese Dining & Bistro,2094,"Wine Pairings, Romantic Ambiance",https://images.unsplash.com/photo-1579871494447-9811cf80d66c?w=500&q=80
442,"Williams, Marks and Howard",American,3.6,$,New York,American Dining & Bistro,1993,"Family Friendly, Open 24h, Local Favorites",https://images.unsplash.com/photo-1550547660-d9450f859349?w=500&q=80
443,"Meadows, Williams and Thomas",Mexican,3.4,$,Chicago,Mexican Dining & Bistro,1211,"Wine Pairings, Romantic Ambiance",https://images.unsplash.com/photo-1565299585323-38d6b0865b47?w=500&q=80
444,White-Chavez,Japanese,4.8,$,San Francisco,Japanese Dining & Bistro,1162,"Matcha Specials, Dog Friendly",https://images.unsplash.com/photo-1579871494447-9811cf80d66c?w=500&q=80
445,Santos Group,Chinese,4.2,$$$$,Chicago,Chinese Dining & Bistro,1285,"Wine Pairings, Romantic Ambiance",https://images.unsplash.com/photo-1563245372-f21724e3856d?w=500&q=80
446,Combs-Johnson,Thai,2.8,$$,New York,Thai Dining & Bistro,2134,"WiFi, Outdoor Seating, Halal Certified",https://images.unsplash.com/photo-1559314809-0d155014e29e?w=500&q=80
447,"Barnes, Cook and Roberts",Italian,2.6,$$,Houston,Italian Dining & Bistro,1129,"Wine Pairings, Romantic Ambiance",https://images.unsplash.com/photo-1555396273-367ea4eb4db5?w=500&q=80
448,"Douglas, Morrow and Quinn",American,3.9,$,Chicago,American Dining & Bistro,1274,"Live Music, Craft Soda, Outdoor Patio",https://images.unsplash.com/photo-1550547660-d9450f859349?w=500&q=80
449,Williams-Foster,Indian,4.8,$,Chicago,Indian Dining & Bistro,1951,"Wine Pairings, Romantic Ambiance",https://images.unsplash.com/photo-1585937421612-70a008356fbe?w=500&q=80
450,"Parrish, Kelly and Rodriguez",Mexican,4.6,$$,Los Angeles,Mexican Dining & Bistro,467,"Matcha Specials, Dog Friendly",https://images.unsplash.com/photo-1565299585323-38d6b0865b47?w=500&q=80
451,"Campbell, Lynch and White",Chinese,4.2,$$$$,New York,Chinese Dining & Bistro,1320,"Matcha Specials, Dog Friendly",https://images.unsplash.com/photo-1563245372-f21724e3856d?w=500&q=80
452,Brown-Jennings,Italian,2.8,$$$,Houston,Italian Dining & Bistro,1110,"Live Music, Craft Soda, Outdoor Patio",https://images.unsplash.com/photo-1555396273-367ea4eb4db5?w=500&q=80
453,"Wright, Nelson and Patterson",Indian,3.1,$$$,Chicago,Indian Dining & Bistro,1262,"Family Friendly, Open 24h, Local Favorites",https://images.unsplash.com/photo-1585937421612-70a008356fbe?w=500&q=80
454,"Phillips, Stanley and Martin",French,4.7,$$,Chicago,French Dining & Bistro,1525,"Vegan Options, Work Friendly, WiFi",https://images.unsplash.com/photo-1509440159596-0249088772ff?w=500&q=80
455,"Davis, Reid and Morales",Chinese,3.0,$,Houston,Chinese Dining & Bistro,1459,"Family Friendly, Open 24h, Local Favorites",https://images.unsplash.com/photo-1563245372-f21724e3856d?w=500&q=80
456,Hernandez and Sons,Chinese,3.2,$,New York,Chinese Dining & Bistro,480,"Matcha Specials, Dog Friendly",https://images.unsplash.com/photo-1563245372-f21724e3856d?w=500&q=80
457,"Harris, Jackson and Donaldson",Indian,2.8,$$$$,Los Angeles,Indian Dining & Bistro,716,"Family Friendly, Open 24h, Local Favorites",https://images.unsplash.com/photo-1585937421612-70a008356fbe?w=500&q=80
458,"Nelson, Powell and Cook",Italian,4.2,$$$,Chicago,Italian Dining & Bistro,767,"Wine Pairings, Romantic Ambiance",https://images.unsplash.com/photo-1555396273-367ea4eb4db5?w=500&q=80
459,"Nichols, Patrick and Miller",French,4.9,$$$$,Los Angeles,French Dining & Bistro,1097,"Wine Pairings, Romantic Ambiance",https://images.unsplash.com/photo-1509440159596-0249088772ff?w=500&q=80
460,Parker Inc,Japanese,3.2,$$$,San Francisco,Japanese Dining & Bistro,1718,"Matcha Specials, Dog Friendly",https://images.unsplash.com/photo-1579871494447-9811cf80d66c?w=500&q=80
461,Nelson-Watson,Japanese,3.7,$$,New York,Japanese Dining & Bistro,775,"Matcha Specials, Dog Friendly",https://images.unsplash.com/photo-1579871494447-9811cf80d66c?w=500&q=80
462,Johnson Inc,Thai,4.1,$$$,San Francisco,Thai Dining & Bistro,1026,"Family Friendly, Open 24h, Local Favorites",https://images.unsplash.com/photo-1559314809-0d155014e29e?w=500&q=80
463,"Brooks, Wilson and Green",Italian,5.0,$$$$,San Francisco,Italian Dining & Bistro,413,"Family Friendly, Open 24h, Local Favorites",https://images.unsplash.com/photo-1555396273-367ea4eb4db5?w=500&q=80
464,"Lee, Brewer and Jenkins",American,2.8,$$$$,San Francisco,American Dining & Bistro,1849,"Wine Pairings, Romantic Ambiance",https://images.unsplash.com/photo-1550547660-d9450f859349?w=500&q=80
465,Daniels-Patterson,Mexican,3.7,$$$$,New York,Mexican Dining & Bistro,1819,"Vegan Options, Work Friendly, WiFi",https://images.unsplash.com/photo-1565299585323-38d6b0865b47?w=500&q=80
466,Wright-Shelton,Indian,3.5,$$,New York,Indian Dining & Bistro,1505,"Live Music, Craft Soda, Outdoor Patio",https://images.unsplash.com/photo-1585937421612-70a008356fbe?w=500&q=80
467,Lewis and Sons,Thai,4.7,$$$,Houston,Thai Dining & Bistro,2058,"Vegan Options, Work Friendly, WiFi",https://images.unsplash.com/photo-1559314809-0d155014e29e?w=500&q=80
468,"Reilly, Smith and Reynolds",French,3.7,$$$,Los Angeles,French Dining & Bistro,1853,"Matcha Specials, Dog Friendly",https://images.unsplash.com/photo-1509440159596-0249088772ff?w=500&q=80
469,"Porter, Anderson and Gilmore",Indian,2.8,$$$$,Los Angeles,Indian Dining & Bistro,405,"Family Friendly, Open 24h, Local Favorites",https://images.unsplash.com/photo-1585937421612-70a008356fbe?w=500&q=80
470,"Lewis, Jones and Santiago",Indian,4.1,$$$,Houston,Indian Dining & Bistro,997,"Vegan Options, Work Friendly, WiFi",https://images.unsplash.com/photo-1585937421612-70a008356fbe?w=500&q=80
471,Carlson-Garrett,Italian,4.4,$,Houston,Italian Dining & Bistro,1870,"Family Friendly, Open 24h, Local Favorites",https://images.unsplash.com/photo-1555396273-367ea4eb4db5?w=500&q=80
472,Jacobson LLC,Mexican,2.5,$,San Francisco,Mexican Dining & Bistro,1745,"WiFi, Outdoor Seating, Halal Certified",https://images.unsplash.com/photo-1565299585323-38d6b0865b47?w=500&q=80
473,Jackson-Tucker,American,4.6,$,Houston,American Dining & Bistro,230,"Wine Pairings, Romantic Ambiance",https://images.unsplash.com/photo-1550547660-d9450f859349?w=500&q=80
474,Johnson PLC,Japanese,3.0,$$$,Chicago,Japanese Dining & Bistro,1708,"Live Music, Craft Soda, Outdoor Patio",https://images.unsplash.com/photo-1579871494447-9811cf80d66c?w=500&q=80
475,Bradshaw-Johnson,Chinese,3.9,$$,Los Angeles,Chinese Dining & Bistro,2103,"Family Friendly, Open 24h, Local Favorites",https://images.unsplash.com/photo-1563245372-f21724e3856d?w=500&q=80
476,Cervantes and Sons,Chinese,3.5,$$,Houston,Chinese Dining & Bistro,174,"Live Music, Craft Soda, Outdoor Patio",https://images.unsplash.com/photo-1563245372-f21724e3856d?w=500&q=80
477,"Nichols, Brown and Long",Indian,4.3,$$,Chicago,Indian Dining & Bistro,1590,"Family Friendly, Open 24h, Local Favorites",https://images.unsplash.com/photo-1585937421612-70a008356fbe?w=500&q=80
478,Davis-King,Japanese,3.4,$$,Chicago,Japanese Dining & Bistro,1373,"Family Friendly, Open 24h, Local Favorites",https://images.unsplash.com/photo-1579871494447-9811cf80d66c?w=500&q=80
479,Jones-Hood,Japanese,4.7,$,Chicago,Japanese Dining & Bistro,1747,"Live Music, Craft Soda, Outdoor Patio",https://images.unsplash.com/photo-1579871494447-9811cf80d66c?w=500&q=80
480,"Li, Gentry and Hall",Mexican,4.3,$,Chicago,Mexican Dining & Bistro,1866,"Live Music, Craft Soda, Outdoor Patio",https://images.unsplash.com/photo-1565299585323-38d6b0865b47?w=500&q=80
481,Jensen-Salazar,French,4.1,$$$$,San Francisco,French Dining & Bistro,1053,"Vegan Options, Work Friendly, WiFi",https://images.unsplash.com/photo-1509440159596-0249088772ff?w=500&q=80
482,"Kelly, Jones and Hunt",French,4.5,$$$,Chicago,French Dining & Bistro,2149,"Family Friendly, Open 24h, Local Favorites",https://images.unsplash.com/photo-1509440159596-0249088772ff?w=500&q=80
483,"Duncan, Nicholson and Hickman",Thai,4.4,$$$,San Francisco,Thai Dining & Bistro,1048,"WiFi, Outdoor Seating, Halal Certified",https://images.unsplash.com/photo-1559314809-0d155014e29e?w=500&q=80
484,"Reid, Caldwell and Ortiz",Italian,2.6,$$,San Francisco,Italian Dining & Bistro,1267,"Vegan Options, Work Friendly, WiFi",https://images.unsplash.com/photo-1555396273-367ea4eb4db5?w=500&q=80
485,Hoover Group,Mexican,3.5,$,Chicago,Mexican Dining & Bistro,1935,"Matcha Specials, Dog Friendly",https://images.unsplash.com/photo-1565299585323-38d6b0865b47?w=500&q=80
486,Ross-Duran,Mexican,4.8,$$,Los Angeles,Mexican Dining & Bistro,2139,"Matcha Specials, Dog Friendly",https://images.unsplash.com/photo-1565299585323-38d6b0865b47?w=500&q=80
487,Caldwell PLC,Italian,2.8,$$$$,Chicago,Italian Dining & Bistro,268,"Wine Pairings, Romantic Ambiance",https://images.unsplash.com/photo-1555396273-367ea4eb4db5?w=500&q=80
488,Rice-Peters,Japanese,4.3,$$$,Chicago,Japanese Dining & Bistro,1742,"WiFi, Outdoor Seating, Halal Certified",https://images.unsplash.com/photo-1579871494447-9811cf80d66c?w=500&q=80
489,"Woods, Lynch and Rodriguez",French,4.9,$$$,Chicago,French Dining & Bistro,1526,"Family Friendly, Open 24h, Local Favorites",https://images.unsplash.com/photo-1509440159596-0249088772ff?w=500&q=80
490,Ferguson LLC,French,2.6,$$,Los Angeles,French Dining & Bistro,1806,"WiFi, Outdoor Seating, Halal Certified",https://images.unsplash.com/photo-1509440159596-0249088772ff?w=500&q=80
491,Mccoy-Sanders,Japanese,4.2,$$$$,New York,Japanese Dining & Bistro,826,"Matcha Specials, Dog Friendly",https://images.unsplash.com/photo-1579871494447-9811cf80d66c?w=500&q=80
492,Davidson-King,French,3.7,$$$,New York,French Dining & Bistro,2064,"Family Friendly, Open 24h, Local Favorites",https://images.unsplash.com/photo-1509440159596-0249088772ff?w=500&q=80
493,Shah and Sons,Indian,3.9,$$$$,San Francisco,Indian Dining & Bistro,672,"WiFi, Outdoor Seating, Halal Certified",https://images.unsplash.com/photo-1585937421612-70a008356fbe?w=500&q=80
494,Knight Inc,Mexican,2.7,$$$$,San Francisco,Mexican Dining & Bistro,260,"Live Music, Craft Soda, Outdoor Patio",https://images.unsplash.com/photo-1565299585323-38d6b0865b47?w=500&q=80
495,"Kennedy, Barton and Gomez",Chinese,2.6,$$,Los Angeles,Chinese Dining & Bistro,1763,"Vegan Options, Work Friendly, WiFi",https://images.unsplash.com/photo-1563245372-f21724e3856d?w=500&q=80
496,Smith LLC,Italian,4.2,$,Houston,Italian Dining & Bistro,261,"Family Friendly, Open 24h, Local Favorites",https://images.unsplash.com/photo-1555396273-367ea4eb4db5?w=500&q=80
497,"Davis, Cunningham and Fisher",French,4.6,$$,New York,French Dining & Bistro,493,"Live Music, Craft Soda, Outdoor Patio",https://images.unsplash.com/photo-1509440159596-0249088772ff?w=500&q=80
498,Adams Ltd,Thai,4.5,$,San Francisco,Thai Dining & Bistro,1905,"Vegan Options, Work Friendly, WiFi",https://images.unsplash.com/photo-1559314809-0d155014e29e?w=500&q=80
499,Stark-Coffey,French,3.9,$$$$,New York,French Dining & Bistro,705,"WiFi, Outdoor Seating, Halal Certified",https://images.unsplash.com/photo-1509440159596-0249088772ff?w=500&q=80
500,Baird-Brock,French,2.7,$,Los Angeles,French Dining & Bistro,2041,"Family Friendly, Open 24h, Local Favorites",https://images.unsplash.com/photo-1509440159596-0249088772ff?w=500&q=80
